Category Name,Url
ground beef,https://www.walmart.com/search?query=ground%20beef&typeahead=g
gatorade,https://www.walmart.com/search?query=gatorade&typeahead=g
grapes,https://www.walmart.com/search?query=grapes&typeahead=g
green beans,https://www.walmart.com/search?query=green%20beans&typeahead=g
garlic bread,https://www.walmart.com/search?query=garlic%20bread&typeahead=g
greek yogurt,https://www.walmart.com/search?query=greek%20yogurt&typeahead=g
ground turkey,https://www.walmart.com/search?query=ground%20turkey&typeahead=g
garlic,https://www.walmart.com/search?query=garlic&typeahead=g
granola bars,https://www.walmart.com/search?query=granola%20bars&typeahead=g
graham crackers,https://www.walmart.com/search?query=graham%20crackers&typeahead=g
green onions,https://www.walmart.com/search?query=green%20onions&typeahead=g
goldfish,https://www.walmart.com/search?query=goldfish&typeahead=g
granola,https://www.walmart.com/search?query=granola&typeahead=g
garlic powder,https://www.walmart.com/search?query=garlic%20powder&typeahead=g
green pepper,https://www.walmart.com/search?query=green%20pepper&typeahead=g
great value chips,https://www.walmart.com/search?query=great%20value%20chips&typeahead=g
gatorade zero,https://www.walmart.com/search?query=gatorade%20zero&typeahead=g
ginger ale,https://www.walmart.com/search?query=ginger%20ale&typeahead=g
guacamole,https://www.walmart.com/search?query=guacamole&typeahead=g
garbage bags,https://www.walmart.com/search?query=garbage%20bags&typeahead=g
gum,https://www.walmart.com/search?query=gum&typeahead=g
grape jelly,https://www.walmart.com/search?query=grape%20jelly&typeahead=g
great value snacks,https://www.walmart.com/search?query=great%20value%20snacks&typeahead=g
grill,https://www.walmart.com/search?query=grill&typeahead=g
grape tomatoes,https://www.walmart.com/search?query=grape%20tomatoes&typeahead=g
gluten free,https://www.walmart.com/search?query=gluten%20free&typeahead=g
grits,https://www.walmart.com/search?query=grits&typeahead=g
glue sticks,https://www.walmart.com/search?query=glue%20sticks&typeahead=g
fruit,https://www.walmart.com/search?query=fruit&typeahead=f
frozen vegetables,https://www.walmart.com/search?query=frozen%20vegetables&typeahead=f
french fries,https://www.walmart.com/search?query=french%20fries&typeahead=f
frozen meals,https://www.walmart.com/search?query=frozen%20meals&typeahead=f
fries,https://www.walmart.com/search?query=fries&typeahead=f
frozen pizza,https://www.walmart.com/search?query=frozen%20pizza&typeahead=f
fruit snacks,https://www.walmart.com/search?query=fruit%20snacks&typeahead=f
flour,https://www.walmart.com/search?query=flour&typeahead=f
frozen fruit,https://www.walmart.com/search?query=frozen%20fruit&typeahead=f
flour tortillas,https://www.walmart.com/search?query=flour%20tortillas&typeahead=f
fan,https://www.walmart.com/search?query=fan&typeahead=f
fresh fruit,https://www.walmart.com/search?query=fresh%20fruit&typeahead=f
fabric softener,https://www.walmart.com/search?query=fabric%20softener&typeahead=f
frozen food,https://www.walmart.com/search?query=frozen%20food&typeahead=f
food,https://www.walmart.com/search?query=food&typeahead=f
feta cheese,https://www.walmart.com/search?query=feta%20cheese&typeahead=f
french bread,https://www.walmart.com/search?query=french%20bread&typeahead=f
ground chicken,https://www.walmart.com/search?query=ground%20chicken&typeahead=g
gain laundry detergent,https://www.walmart.com/search?query=gain%20laundry%20detergent&typeahead=g
ginger,https://www.walmart.com/search?query=ginger&typeahead=g
green tea,https://www.walmart.com/search?query=green%20tea&typeahead=g
great value,https://www.walmart.com/search?query=great%20value&typeahead=g
garlic salt,https://www.walmart.com/search?query=garlic%20salt&typeahead=g
groceries food,https://www.walmart.com/search?query=groceries%20food&typeahead=g
gravy,https://www.walmart.com/search?query=gravy&typeahead=g
great value cereal,https://www.walmart.com/search?query=great%20value%20cereal&typeahead=g
groceries,https://www.walmart.com/search?query=groceries&typeahead=g
goldfish crackers,https://www.walmart.com/search?query=goldfish%20crackers&typeahead=g
gogurt,https://www.walmart.com/search?query=gogurt&typeahead=g
gallon water,https://www.walmart.com/search?query=gallon%20water&typeahead=g
great value cookies,https://www.walmart.com/search?query=great%20value%20cookies&typeahead=g
gallon ziploc bags,https://www.walmart.com/search?query=gallon%20ziploc%20bags&typeahead=g
gallon freezer bags,https://www.walmart.com/search?query=gallon%20freezer%20bags&typeahead=g
green chiles,https://www.walmart.com/search?query=green%20chiles&typeahead=g
grated parmesan cheese,https://www.walmart.com/search?query=grated%20parmesan%20cheese&typeahead=g
ground meat,https://www.walmart.com/search?query=ground%20meat&typeahead=g
gummy bears,https://www.walmart.com/search?query=gummy%20bears&typeahead=g
gummies,https://www.walmart.com/search?query=gummies&typeahead=g
green grapes,https://www.walmart.com/search?query=green%20grapes&typeahead=g
bread,https://www.walmart.com/search?query=bread&typeahead=b
butter,https://www.walmart.com/search?query=butter&typeahead=b
bananas,https://www.walmart.com/search?query=bananas&typeahead=b
bacon,https://www.walmart.com/search?query=bacon&typeahead=b
broccoli,https://www.walmart.com/search?query=broccoli&typeahead=b
bagels,https://www.walmart.com/search?query=bagels&typeahead=b
blueberries,https://www.walmart.com/search?query=blueberries&typeahead=b
bottled water,https://www.walmart.com/search?query=bottled%20water&typeahead=b
bell pepper,https://www.walmart.com/search?query=bell%20pepper&typeahead=b
biscuits,https://www.walmart.com/search?query=biscuits&typeahead=b
baby wipes,https://www.walmart.com/search?query=baby%20wipes&typeahead=b
bleach,https://www.walmart.com/search?query=bleach&typeahead=b
body wash,https://www.walmart.com/search?query=body%20wash&typeahead=b
baked beans,https://www.walmart.com/search?query=baked%20beans&typeahead=b
buns,https://www.walmart.com/search?query=buns&typeahead=b
bbq sauce,https://www.walmart.com/search?query=bbq%20sauce&typeahead=b
baby food,https://www.walmart.com/search?query=baby%20food&typeahead=b
baking soda,https://www.walmart.com/search?query=baking%20soda&typeahead=b
black beans,https://www.walmart.com/search?query=black%20beans&typeahead=b
brown sugar,https://www.walmart.com/search?query=brown%20sugar&typeahead=b
ground beef,https://www.walmart.com/search?query=ground%20beef&typeahead=b
bologna,https://www.walmart.com/search?query=bologna&typeahead=b
breakfast,https://www.walmart.com/search?query=breakfast&typeahead=b
baby carrots,https://www.walmart.com/search?query=baby%20carrots&typeahead=b
hamburger buns,https://www.walmart.com/search?query=hamburger%20buns&typeahead=b
beef,https://www.walmart.com/search?query=beef&typeahead=b
hot dog buns,https://www.walmart.com/search?query=hot%20dog%20buns&typeahead=b
bacon bits,https://www.walmart.com/search?query=bacon%20bits&typeahead=b
chicken breast,https://www.walmart.com/search?query=chicken%20breast&typeahead=b
fruity pebbles,https://www.walmart.com/search?query=fruity%20pebbles&typeahead=f
flushable wipes,https://www.walmart.com/search?query=flushable%20wipes&typeahead=f
flavored water,https://www.walmart.com/search?query=flavored%20water&typeahead=f
fruit cups,https://www.walmart.com/search?query=fruit%20cups&typeahead=f
fairlife milk,https://www.walmart.com/search?query=fairlife%20milk&typeahead=f
foil,https://www.walmart.com/search?query=foil&typeahead=f
dog food,https://www.walmart.com/search?query=dog%20food&typeahead=f
frosted flakes,https://www.walmart.com/search?query=frosted%20flakes&typeahead=f
frozen shrimp,https://www.walmart.com/search?query=frozen%20shrimp&typeahead=f
frozen corn,https://www.walmart.com/search?query=frozen%20corn&typeahead=f
fruit loops,https://www.walmart.com/search?query=fruit%20loops&typeahead=f
frozen broccoli,https://www.walmart.com/search?query=frozen%20broccoli&typeahead=f
fresh vegetables,https://www.walmart.com/search?query=fresh%20vegetables&typeahead=f
french onion dip,https://www.walmart.com/search?query=french%20onion%20dip&typeahead=f
fish,https://www.walmart.com/search?query=fish&typeahead=f
febreze,https://www.walmart.com/search?query=febreze&typeahead=f
face wash,https://www.walmart.com/search?query=face%20wash&typeahead=f
cat food,https://www.walmart.com/search?query=cat%20food&typeahead=f
fabuloso,https://www.walmart.com/search?query=fabuloso&typeahead=f
freezer bags,https://www.walmart.com/search?query=freezer%20bags&typeahead=f
frozen strawberries,https://www.walmart.com/search?query=frozen%20strawberries&typeahead=f
french toast sticks,https://www.walmart.com/search?query=french%20toast%20sticks&typeahead=f
fettuccine noodles,https://www.walmart.com/search?query=fettuccine%20noodles&typeahead=f
fish sticks,https://www.walmart.com/search?query=fish%20sticks&typeahead=f
frozen waffles,https://www.walmart.com/search?query=frozen%20waffles&typeahead=f
frozen pancakes,https://www.walmart.com/search?query=frozen%20pancakes&typeahead=f
fresh strawberries,https://www.walmart.com/search?query=fresh%20strawberries&typeahead=f
frozen breakfast,https://www.walmart.com/search?query=frozen%20breakfast&typeahead=f
fruit roll ups,https://www.walmart.com/search?query=fruit%20roll%20ups&typeahead=f
frozen chicken,https://www.walmart.com/search?query=frozen%20chicken&typeahead=f
fritos corn chips,https://www.walmart.com/search?query=fritos%20corn%20chips&typeahead=f
breakfast sausage,https://www.walmart.com/search?query=breakfast%20sausage&typeahead=b
beans,https://www.walmart.com/search?query=beans&typeahead=b
black olives,https://www.walmart.com/search?query=black%20olives&typeahead=b
peanut butter,https://www.walmart.com/search?query=peanut%20butter&typeahead=b
beef broth,https://www.walmart.com/search?query=beef%20broth&typeahead=b
brats,https://www.walmart.com/search?query=brats&typeahead=b
brownie mix,https://www.walmart.com/search?query=brownie%20mix&typeahead=b
baby snacks,https://www.walmart.com/search?query=baby%20snacks&typeahead=b
bandaids,https://www.walmart.com/search?query=bandaids&typeahead=b
buttermilk,https://www.walmart.com/search?query=buttermilk&typeahead=b
body armor drink,https://www.walmart.com/search?query=body%20armor%20drink&typeahead=b
beef jerky,https://www.walmart.com/search?query=beef%20jerky&typeahead=b
burgers,https://www.walmart.com/search?query=burgers&typeahead=b
breakfast sandwich,https://www.walmart.com/search?query=breakfast%20sandwich&typeahead=b
burger buns,https://www.walmart.com/search?query=burger%20buns&typeahead=b
burritos,https://www.walmart.com/search?query=burritos&typeahead=b
basil,https://www.walmart.com/search?query=basil&typeahead=b
block cheese,https://www.walmart.com/search?query=block%20cheese&typeahead=b
brown rice,https://www.walmart.com/search?query=brown%20rice&typeahead=b
berries,https://www.walmart.com/search?query=berries&typeahead=b
brownies,https://www.walmart.com/search?query=brownies&typeahead=b
apples,https://www.walmart.com/search?query=apples&typeahead=a
almond milk,https://www.walmart.com/search?query=almond%20milk&typeahead=a
avocado,https://www.walmart.com/search?query=avocado&typeahead=a
apple juice,https://www.walmart.com/search?query=apple%20juice&typeahead=a
alfredo sauce,https://www.walmart.com/search?query=alfredo%20sauce&typeahead=a
aluminum foil,https://www.walmart.com/search?query=aluminum%20foil&typeahead=a
american cheese,https://www.walmart.com/search?query=american%20cheese&typeahead=a
asparagus,https://www.walmart.com/search?query=asparagus&typeahead=a
apple sauce,https://www.walmart.com/search?query=apple%20sauce&typeahead=a
air conditioners,https://www.walmart.com/search?query=air%20conditioners&typeahead=a
angel soft toilet paper,https://www.walmart.com/search?query=angel%20soft%20toilet%20paper&typeahead=a
apple cider vinegar,https://www.walmart.com/search?query=apple%20cider%20vinegar&typeahead=a
aa batteries,https://www.walmart.com/search?query=aa%20batteries&typeahead=a
air freshener,https://www.walmart.com/search?query=air%20freshener&typeahead=a
air fryer,https://www.walmart.com/search?query=air%20fryer&typeahead=a
almonds,https://www.walmart.com/search?query=almonds&typeahead=a
aaa batteries,https://www.walmart.com/search?query=aaa%20batteries&typeahead=a
air mattresses,https://www.walmart.com/search?query=air%20mattresses&typeahead=a
animal crackers,https://www.walmart.com/search?query=animal%20crackers&typeahead=a
aluminum pans,https://www.walmart.com/search?query=aluminum%20pans&typeahead=a
always pads,https://www.walmart.com/search?query=always%20pads&typeahead=a
avocado oil,https://www.walmart.com/search?query=avocado%20oil&typeahead=a
arm and hammer laundry detergent,https://www.walmart.com/search?query=arm%20and%20hammer%20laundry%20detergent&typeahead=a
angel hair pasta,https://www.walmart.com/search?query=angel%20hair%20pasta&typeahead=a
all purpose flour,https://www.walmart.com/search?query=all%20purpose%20flour&typeahead=a
aquaphor,https://www.walmart.com/search?query=aquaphor&typeahead=a
american cheese slices,https://www.walmart.com/search?query=american%20cheese%20slices&typeahead=a
atkins,https://www.walmart.com/search?query=atkins&typeahead=a
ac unit,https://www.walmart.com/search?query=ac%20unit&typeahead=a
alfredo,https://www.walmart.com/search?query=alfredo&typeahead=a
activia yogurt,https://www.walmart.com/search?query=activia%20yogurt&typeahead=a
angel food cake,https://www.walmart.com/search?query=angel%20food%20cake&typeahead=a
apple sauce pouch,https://www.walmart.com/search?query=apple%20sauce%20pouch&typeahead=a
chips,https://www.walmart.com/search?query=chips&typeahead=c
cheese,https://www.walmart.com/search?query=cheese&typeahead=c
cereal,https://www.walmart.com/search?query=cereal&typeahead=c
cream cheese,https://www.walmart.com/search?query=cream%20cheese&typeahead=c
chicken,https://www.walmart.com/search?query=chicken&typeahead=c
chicken breast,https://www.walmart.com/search?query=chicken%20breast&typeahead=c
cookies,https://www.walmart.com/search?query=cookies&typeahead=c
coffee creamer,https://www.walmart.com/search?query=coffee%20creamer&typeahead=c
cucumber,https://www.walmart.com/search?query=cucumber&typeahead=c
carrots,https://www.walmart.com/search?query=carrots&typeahead=c
coffee,https://www.walmart.com/search?query=coffee&typeahead=c
cottage cheese,https://www.walmart.com/search?query=cottage%20cheese&typeahead=c
crackers,https://www.walmart.com/search?query=crackers&typeahead=c
creamer,https://www.walmart.com/search?query=creamer&typeahead=c
chicken nuggets,https://www.walmart.com/search?query=chicken%20nuggets&typeahead=c
cat litter,https://www.walmart.com/search?query=cat%20litter&typeahead=c
corn,https://www.walmart.com/search?query=corn&typeahead=c
cilantro,https://www.walmart.com/search?query=cilantro&typeahead=c
cheese slices,https://www.walmart.com/search?query=cheese%20slices&typeahead=c
candy,https://www.walmart.com/search?query=candy&typeahead=c
coke,https://www.walmart.com/search?query=coke&typeahead=c
celery,https://www.walmart.com/search?query=celery&typeahead=c
cat food,https://www.walmart.com/search?query=cat%20food&typeahead=c
chicken broth,https://www.walmart.com/search?query=chicken%20broth&typeahead=c
chips variety,https://www.walmart.com/search?query=chips%20variety&typeahead=c
cheddar cheese,https://www.walmart.com/search?query=cheddar%20cheese&typeahead=c
cheese sticks,https://www.walmart.com/search?query=cheese%20sticks&typeahead=c
chicken thighs,https://www.walmart.com/search?query=chicken%20thighs&typeahead=c
cool whip,https://www.walmart.com/search?query=cool%20whip&typeahead=c
sour cream,https://www.walmart.com/search?query=sour%20cream&typeahead=c
chicken wings,https://www.walmart.com/search?query=chicken%20wings&typeahead=c
chocolate chips,https://www.walmart.com/search?query=chocolate%20chips&typeahead=c
cherry tomatoes,https://www.walmart.com/search?query=cherry%20tomatoes&typeahead=c
cinnamon rolls,https://www.walmart.com/search?query=cinnamon%20rolls&typeahead=c
coke zero,https://www.walmart.com/search?query=coke%20zero&typeahead=c
shredded cheese,https://www.walmart.com/search?query=shredded%20cheese&typeahead=c
hot dogs,https://www.walmart.com/search?query=hot%20dogs&typeahead=h
hamburger buns,https://www.walmart.com/search?query=hamburger%20buns&typeahead=h
hot dog buns,https://www.walmart.com/search?query=hot%20dog%20buns&typeahead=h
hamburger meat,https://www.walmart.com/search?query=hamburger%20meat&typeahead=h
ham,https://www.walmart.com/search?query=ham&typeahead=h
heavy cream,https://www.walmart.com/search?query=heavy%20cream&typeahead=h
hand soap,https://www.walmart.com/search?query=hand%20soap&typeahead=h
half and half,https://www.walmart.com/search?query=half%20and%20half&typeahead=h
honey,https://www.walmart.com/search?query=honey&typeahead=h
heavy whipping cream,https://www.walmart.com/search?query=heavy%20whipping%20cream&typeahead=h
hamburger,https://www.walmart.com/search?query=hamburger&typeahead=h
hummus,https://www.walmart.com/search?query=hummus&typeahead=h
hot pockets,https://www.walmart.com/search?query=hot%20pockets&typeahead=h
hamburger helper,https://www.walmart.com/search?query=hamburger%20helper&typeahead=h
hamburger patties,https://www.walmart.com/search?query=hamburger%20patties&typeahead=h
hawaiian rolls,https://www.walmart.com/search?query=hawaiian%20rolls&typeahead=h
hot sauce,https://www.walmart.com/search?query=hot%20sauce&typeahead=h
hash browns,https://www.walmart.com/search?query=hash%20browns&typeahead=h
hawaiian punch,https://www.walmart.com/search?query=hawaiian%20punch&typeahead=h
hangers,https://www.walmart.com/search?query=hangers&typeahead=h
hershey bars,https://www.walmart.com/search?query=hershey%20bars&typeahead=h
hand sanitizer,https://www.walmart.com/search?query=hand%20sanitizer&typeahead=h
hot cheetos,https://www.walmart.com/search?query=hot%20cheetos&typeahead=h
ham lunch meat,https://www.walmart.com/search?query=ham%20lunch%20meat&typeahead=h
honey buns,https://www.walmart.com/search?query=honey%20buns&typeahead=h
healthy choice frozen dinners,https://www.walmart.com/search?query=healthy%20choice%20frozen%20dinners&typeahead=h
highlighters,https://www.walmart.com/search?query=highlighters&typeahead=h
honey nut cheerios,https://www.walmart.com/search?query=honey%20nut%20cheerios&typeahead=h
hairspray,https://www.walmart.com/search?query=hairspray&typeahead=h
hand soap refill,https://www.walmart.com/search?query=hand%20soap%20refill&typeahead=h
honey ham,https://www.walmart.com/search?query=honey%20ham&typeahead=h
hellmann's mayonnaise,https://www.walmart.com/search?query=hellmann%27s%20mayonnaise&typeahead=h
honey mustard,https://www.walmart.com/search?query=honey%20mustard&typeahead=h
honey wheat bread,https://www.walmart.com/search?query=honey%20wheat%20bread&typeahead=h
hair ties,https://www.walmart.com/search?query=hair%20ties&typeahead=h
honey bunches of oats,https://www.walmart.com/search?query=honey%20bunches%20of%20oats&typeahead=h
hair dye,https://www.walmart.com/search?query=hair%20dye&typeahead=h
air purifier,https://www.walmart.com/search?query=air%20purifier&typeahead=a
advil,https://www.walmart.com/search?query=advil&typeahead=a
kool aid,https://www.walmart.com/search?query=kool%20aid&typeahead=a
almond butter,https://www.walmart.com/search?query=almond%20butter&typeahead=a
alcohol,https://www.walmart.com/search?query=alcohol&typeahead=a
allergy medicine,https://www.walmart.com/search?query=allergy%20medicine&typeahead=a
a1 steak sauce,https://www.walmart.com/search?query=a1%20steak%20sauce&typeahead=a
acrylic paint,https://www.walmart.com/search?query=acrylic%20paint&typeahead=a
air wick refills,https://www.walmart.com/search?query=air%20wick%20refills&typeahead=a
artichoke hearts,https://www.walmart.com/search?query=artichoke%20hearts&typeahead=a
ginger ale,https://www.walmart.com/search?query=ginger%20ale&typeahead=a
almond flour,https://www.walmart.com/search?query=almond%20flour&typeahead=a
arizona tea,https://www.walmart.com/search?query=arizona%20tea&typeahead=a
arugula,https://www.walmart.com/search?query=arugula&typeahead=a
au jus gravy mix,https://www.walmart.com/search?query=au%20jus%20gravy%20mix&typeahead=a
apple slices,https://www.walmart.com/search?query=apple%20slices&typeahead=a
alani nu energy drink,https://www.walmart.com/search?query=alani%20nu%20energy%20drink&typeahead=a
cake mix,https://www.walmart.com/search?query=cake%20mix&typeahead=c
chocolate milk,https://www.walmart.com/search?query=chocolate%20milk&typeahead=c
cream of chicken soup,https://www.walmart.com/search?query=cream%20of%20chicken%20soup&typeahead=c
cranberry juice,https://www.walmart.com/search?query=cranberry%20juice&typeahead=c
corn on the cob,https://www.walmart.com/search?query=corn%20on%20the%20cob&typeahead=c
chicken tenders,https://www.walmart.com/search?query=chicken%20tenders&typeahead=c
capri sun,https://www.walmart.com/search?query=capri%20sun&typeahead=c
ice cream,https://www.walmart.com/search?query=ice%20cream&typeahead=c
corn dogs,https://www.walmart.com/search?query=corn%20dogs&typeahead=c
cabbage,https://www.walmart.com/search?query=cabbage&typeahead=c
cream of mushroom soup,https://www.walmart.com/search?query=cream%20of%20mushroom%20soup&typeahead=c
croutons,https://www.walmart.com/search?query=croutons&typeahead=c
cheez-it,https://www.walmart.com/search?query=cheez-it&typeahead=c
head and shoulders shampoo,https://www.walmart.com/search?query=head%20and%20shoulders%20shampoo&typeahead=h
hotdog buns 8 count,https://www.walmart.com/search?query=hotdog%20buns%208%20count&typeahead=h
hydrogen peroxide,https://www.walmart.com/search?query=hydrogen%20peroxide&typeahead=h
headphones,https://www.walmart.com/search?query=headphones&typeahead=h
huggies wipes,https://www.walmart.com/search?query=huggies%20wipes&typeahead=h
hot fries,https://www.walmart.com/search?query=hot%20fries&typeahead=h
hot dogs buns 12 count,https://www.walmart.com/search?query=hot%20dogs%20buns%2012%20count&typeahead=h
hoagie rolls,https://www.walmart.com/search?query=hoagie%20rolls&typeahead=h
healthy choice,https://www.walmart.com/search?query=healthy%20choice&typeahead=h
hazelnut creamer,https://www.walmart.com/search?query=hazelnut%20creamer&typeahead=h
hot chips,https://www.walmart.com/search?query=hot%20chips&typeahead=h
juice,https://www.walmart.com/search?query=juice&typeahead=j
jelly,https://www.walmart.com/search?query=jelly&typeahead=j
jalapeno peppers,https://www.walmart.com/search?query=jalapeno%20peppers&typeahead=j
jasmine rice,https://www.walmart.com/search?query=jasmine%20rice&typeahead=j
orange juice,https://www.walmart.com/search?query=orange%20juice&typeahead=j
juice box,https://www.walmart.com/search?query=juice%20box&typeahead=j
apple juice,https://www.walmart.com/search?query=apple%20juice&typeahead=j
jalapeno,https://www.walmart.com/search?query=jalapeno&typeahead=j
jello cups,https://www.walmart.com/search?query=jello%20cups&typeahead=j
jimmy dean,https://www.walmart.com/search?query=jimmy%20dean&typeahead=j
jello mix,https://www.walmart.com/search?query=jello%20mix&typeahead=j
cranberry juice,https://www.walmart.com/search?query=cranberry%20juice&typeahead=j
jam,https://www.walmart.com/search?query=jam&typeahead=j
jiffy corn muffin mix,https://www.walmart.com/search?query=jiffy%20corn%20muffin%20mix&typeahead=j
jerky,https://www.walmart.com/search?query=jerky&typeahead=j
juicy juice,https://www.walmart.com/search?query=juicy%20juice&typeahead=j
jacks pizza,https://www.walmart.com/search?query=jacks%20pizza&typeahead=j
jimmy dean breakfast bowls,https://www.walmart.com/search?query=jimmy%20dean%20breakfast%20bowls&typeahead=j
johnsonville brats,https://www.walmart.com/search?query=johnsonville%20brats&typeahead=j
jimmy dean breakfast sandwich,https://www.walmart.com/search?query=jimmy%20dean%20breakfast%20sandwich&typeahead=j
jimmy dean sausage,https://www.walmart.com/search?query=jimmy%20dean%20sausage&typeahead=j
lemon juice,https://www.walmart.com/search?query=lemon%20juice&typeahead=j
jolly ranchers,https://www.walmart.com/search?query=jolly%20ranchers&typeahead=j
jergens lotion,https://www.walmart.com/search?query=jergens%20lotion&typeahead=j
jif peanut butter,https://www.walmart.com/search?query=jif%20peanut%20butter&typeahead=j
jalapeno chips,https://www.walmart.com/search?query=jalapeno%20chips&typeahead=j
pepper jack cheese,https://www.walmart.com/search?query=pepper%20jack%20cheese&typeahead=j
grape jelly,https://www.walmart.com/search?query=grape%20jelly&typeahead=j
beef jerky,https://www.walmart.com/search?query=beef%20jerky&typeahead=j
pineapple juice,https://www.walmart.com/search?query=pineapple%20juice&typeahead=j
jambalaya,https://www.walmart.com/search?query=jambalaya&typeahead=j
colby jack cheese,https://www.walmart.com/search?query=colby%20jack%20cheese&typeahead=j
jet dry,https://www.walmart.com/search?query=jet%20dry&typeahead=j
juicer,https://www.walmart.com/search?query=juicer&typeahead=j
strawberry jelly,https://www.walmart.com/search?query=strawberry%20jelly&typeahead=j
lime juice,https://www.walmart.com/search?query=lime%20juice&typeahead=j
just crack an egg,https://www.walmart.com/search?query=just%20crack%20an%20egg&typeahead=j
sugar free jello,https://www.walmart.com/search?query=sugar%20free%20jello&typeahead=j
jbl bluetooth speaker,https://www.walmart.com/search?query=jbl%20bluetooth%20speaker&typeahead=j
slim jims,https://www.walmart.com/search?query=slim%20jims&typeahead=j
jif,https://www.walmart.com/search?query=jif&typeahead=j
juice pouches,https://www.walmart.com/search?query=juice%20pouches&typeahead=j
joyspun pajamas for women,https://www.walmart.com/search?query=joyspun%20pajamas%20for%20women&typeahead=j
jiffy peanut butter,https://www.walmart.com/search?query=jiffy%20peanut%20butter&typeahead=j
johnsonville sausage,https://www.walmart.com/search?query=johnsonville%20sausage&typeahead=j
jumbo shells,https://www.walmart.com/search?query=jumbo%20shells&typeahead=j
kool aid jammers,https://www.walmart.com/search?query=kool%20aid%20jammers&typeahead=j
monterey jack cheese,https://www.walmart.com/search?query=monterey%20jack%20cheese&typeahead=j
jumbo eggs,https://www.walmart.com/search?query=jumbo%20eggs&typeahead=j
v8 juice,https://www.walmart.com/search?query=v8%20juice&typeahead=j
ketchup,https://www.walmart.com/search?query=ketchup&typeahead=k
kool aid,https://www.walmart.com/search?query=kool%20aid&typeahead=k
kleenex,https://www.walmart.com/search?query=kleenex&typeahead=k
kids toothpaste,https://www.walmart.com/search?query=kids%20toothpaste&typeahead=k
keto bread,https://www.walmart.com/search?query=keto%20bread&typeahead=k
kale,https://www.walmart.com/search?query=kale&typeahead=k
kids snacks,https://www.walmart.com/search?query=kids%20snacks&typeahead=k
kidney beans,https://www.walmart.com/search?query=kidney%20beans&typeahead=k
kitty litter,https://www.walmart.com/search?query=kitty%20litter&typeahead=k
kool aid packets,https://www.walmart.com/search?query=kool%20aid%20packets&typeahead=k
kitten food,https://www.walmart.com/search?query=kitten%20food&typeahead=k
kool aid jammers,https://www.walmart.com/search?query=kool%20aid%20jammers&typeahead=k
kayak,https://www.walmart.com/search?query=kayak&typeahead=k
knorr,https://www.walmart.com/search?query=knorr&typeahead=k
kiwi,https://www.walmart.com/search?query=kiwi&typeahead=k
kids toothbrush,https://www.walmart.com/search?query=kids%20toothbrush&typeahead=k
kombucha,https://www.walmart.com/search?query=kombucha&typeahead=k
kielbasa,https://www.walmart.com/search?query=kielbasa&typeahead=k
kraft macaroni and cheese,https://www.walmart.com/search?query=kraft%20macaroni%20and%20cheese&typeahead=k
kind bars,https://www.walmart.com/search?query=kind%20bars&typeahead=k
kettle chips,https://www.walmart.com/search?query=kettle%20chips&typeahead=k
kleenex tissues,https://www.walmart.com/search?query=kleenex%20tissues&typeahead=k
knorr sides,https://www.walmart.com/search?query=knorr%20sides&typeahead=k
k cups,https://www.walmart.com/search?query=k%20cups&typeahead=k
kraft singles,https://www.walmart.com/search?query=kraft%20singles&typeahead=k
kodiak,https://www.walmart.com/search?query=kodiak&typeahead=k
kitchen trash bags,https://www.walmart.com/search?query=kitchen%20trash%20bags&typeahead=k
keurig coffee maker,https://www.walmart.com/search?query=keurig%20coffee%20maker&typeahead=k
kiddie pool,https://www.walmart.com/search?query=kiddie%20pool&typeahead=k
knorr pasta sides,https://www.walmart.com/search?query=knorr%20pasta%20sides&typeahead=k
kosher salt,https://www.walmart.com/search?query=kosher%20salt&typeahead=k
kit kat,https://www.walmart.com/search?query=kit%20kat&typeahead=k
lettuce,https://www.walmart.com/search?query=lettuce&typeahead=l
lunchables,https://www.walmart.com/search?query=lunchables&typeahead=l
lunch meat,https://www.walmart.com/search?query=lunch%20meat&typeahead=l
laundry detergent,https://www.walmart.com/search?query=laundry%20detergent&typeahead=l
lemon,https://www.walmart.com/search?query=lemon&typeahead=l
little debbie snacks,https://www.walmart.com/search?query=little%20debbie%20snacks&typeahead=l
lemonade,https://www.walmart.com/search?query=lemonade&typeahead=l
limes,https://www.walmart.com/search?query=limes&typeahead=l
lemon juice,https://www.walmart.com/search?query=lemon%20juice&typeahead=l
lays chips,https://www.walmart.com/search?query=lays%20chips&typeahead=l
lactose free milk,https://www.walmart.com/search?query=lactose%20free%20milk&typeahead=l
liquid iv,https://www.walmart.com/search?query=liquid%20iv&typeahead=l
laptop,https://www.walmart.com/search?query=laptop&typeahead=l
low carb tortillas,https://www.walmart.com/search?query=low%20carb%20tortillas&typeahead=l
lasagna,https://www.walmart.com/search?query=lasagna&typeahead=l
cat litter,https://www.walmart.com/search?query=cat%20litter&typeahead=l
lean cuisine,https://www.walmart.com/search?query=lean%20cuisine&typeahead=l
turkey lunch meat,https://www.walmart.com/search?query=turkey%20lunch%20meat&typeahead=l
lasagna noodles,https://www.walmart.com/search?query=lasagna%20noodles&typeahead=l
lotion,https://www.walmart.com/search?query=lotion&typeahead=l
lucky charms,https://www.walmart.com/search?query=lucky%20charms&typeahead=l
little debbie,https://www.walmart.com/search?query=little%20debbie&typeahead=l
lysol wipes,https://www.walmart.com/search?query=lysol%20wipes&typeahead=l
laundry soap,https://www.walmart.com/search?query=laundry%20soap&typeahead=l
lime juice,https://www.walmart.com/search?query=lime%20juice&typeahead=l
laundry basket,https://www.walmart.com/search?query=laundry%20basket&typeahead=l
lysol,https://www.walmart.com/search?query=lysol&typeahead=l
listerine mouthwash,https://www.walmart.com/search?query=listerine%20mouthwash&typeahead=l
lays,https://www.walmart.com/search?query=lays&typeahead=l
shredded lettuce,https://www.walmart.com/search?query=shredded%20lettuce&typeahead=l
lego,https://www.walmart.com/search?query=lego&typeahead=l
laundry pods,https://www.walmart.com/search?query=laundry%20pods&typeahead=l
loofah,https://www.walmart.com/search?query=loofah&typeahead=l
ketchup and mustard,https://www.walmart.com/search?query=ketchup%20and%20mustard&typeahead=k
kinders seasoning,https://www.walmart.com/search?query=kinders%20seasoning&typeahead=k
keto snacks,https://www.walmart.com/search?query=keto%20snacks&typeahead=k
kids mouthwash,https://www.walmart.com/search?query=kids%20mouthwash&typeahead=k
kids shampoo,https://www.walmart.com/search?query=kids%20shampoo&typeahead=k
kitchen towels,https://www.walmart.com/search?query=kitchen%20towels&typeahead=k
salad kit,https://www.walmart.com/search?query=salad%20kit&typeahead=k
klondike bars,https://www.walmart.com/search?query=klondike%20bars&typeahead=k
keto yogurt,https://www.walmart.com/search?query=keto%20yogurt&typeahead=k
kids yogurt,https://www.walmart.com/search?query=kids%20yogurt&typeahead=k
keto,https://www.walmart.com/search?query=keto&typeahead=k
king size comforter sets,https://www.walmart.com/search?query=king%20size%20comforter%20sets&typeahead=k
kings hawaiian rolls,https://www.walmart.com/search?query=kings%20hawaiian%20rolls&typeahead=k
kraft cheese,https://www.walmart.com/search?query=kraft%20cheese&typeahead=k
kalamata olives,https://www.walmart.com/search?query=kalamata%20olives&typeahead=k
kids juice,https://www.walmart.com/search?query=kids%20juice&typeahead=k
kiwi fruit,https://www.walmart.com/search?query=kiwi%20fruit&typeahead=k
knorr rice sides,https://www.walmart.com/search?query=knorr%20rice%20sides&typeahead=k
light bulbs,https://www.walmart.com/search?query=light%20bulbs&typeahead=l
lunch,https://www.walmart.com/search?query=lunch&typeahead=l
lysol spray,https://www.walmart.com/search?query=lysol%20spray&typeahead=l
la croix sparkling water,https://www.walmart.com/search?query=la%20croix%20sparkling%20water&typeahead=l
lemons in produce,https://www.walmart.com/search?query=lemons%20in%20produce&typeahead=l
luggage,https://www.walmart.com/search?query=luggage&typeahead=l
lighter,https://www.walmart.com/search?query=lighter&typeahead=l
lint roller,https://www.walmart.com/search?query=lint%20roller&typeahead=l
lean cuisine frozen dinners,https://www.walmart.com/search?query=lean%20cuisine%20frozen%20dinners&typeahead=l
romaine lettuce,https://www.walmart.com/search?query=romaine%20lettuce&typeahead=l
lysol laundry sanitizer,https://www.walmart.com/search?query=lysol%20laundry%20sanitizer&typeahead=l
lettuce head,https://www.walmart.com/search?query=lettuce%20head&typeahead=l
lactaid milk,https://www.walmart.com/search?query=lactaid%20milk&typeahead=l
laundry beads,https://www.walmart.com/search?query=laundry%20beads&typeahead=l
lipton tea,https://www.walmart.com/search?query=lipton%20tea&typeahead=l
light and fit greek yogurt,https://www.walmart.com/search?query=light%20and%20fit%20greek%20yogurt&typeahead=l
life cereal,https://www.walmart.com/search?query=life%20cereal&typeahead=l
milk,https://www.walmart.com/search?query=milk&typeahead=m
mayonnaise,https://www.walmart.com/search?query=mayonnaise&typeahead=m
milk 2%,https://www.walmart.com/search?query=milk%202%25&typeahead=m
mozzarella cheese,https://www.walmart.com/search?query=mozzarella%20cheese&typeahead=m
macaroni and cheese,https://www.walmart.com/search?query=macaroni%20and%20cheese&typeahead=m
mayo,https://www.walmart.com/search?query=mayo&typeahead=m
mustard,https://www.walmart.com/search?query=mustard&typeahead=m
meat,https://www.walmart.com/search?query=meat&typeahead=m
mushrooms,https://www.walmart.com/search?query=mushrooms&typeahead=m
marshmallows,https://www.walmart.com/search?query=marshmallows&typeahead=m
mashed potatoes,https://www.walmart.com/search?query=mashed%20potatoes&typeahead=m
muffins,https://www.walmart.com/search?query=muffins&typeahead=m
mac and cheese,https://www.walmart.com/search?query=mac%20and%20cheese&typeahead=m
mountain dew,https://www.walmart.com/search?query=mountain%20dew&typeahead=m
mouthwash,https://www.walmart.com/search?query=mouthwash&typeahead=m
meatballs,https://www.walmart.com/search?query=meatballs&typeahead=m
minute maid,https://www.walmart.com/search?query=minute%20maid&typeahead=m
miracle whip,https://www.walmart.com/search?query=miracle%20whip&typeahead=m
microwave,https://www.walmart.com/search?query=microwave&typeahead=m
almond milk,https://www.walmart.com/search?query=almond%20milk&typeahead=m
hamburger meat,https://www.walmart.com/search?query=hamburger%20meat&typeahead=m
muffin mix,https://www.walmart.com/search?query=muffin%20mix&typeahead=m
minced garlic,https://www.walmart.com/search?query=minced%20garlic&typeahead=m
mexican cheese,https://www.walmart.com/search?query=mexican%20cheese&typeahead=m
mango,https://www.walmart.com/search?query=mango&typeahead=m
lunch meat,https://www.walmart.com/search?query=lunch%20meat&typeahead=m
marinara sauce,https://www.walmart.com/search?query=marinara%20sauce&typeahead=m
monster energy drink,https://www.walmart.com/search?query=monster%20energy%20drink&typeahead=m
milk 1%,https://www.walmart.com/search?query=milk%201%25&typeahead=m
mini fridge,https://www.walmart.com/search?query=mini%20fridge&typeahead=m
mop,https://www.walmart.com/search?query=mop&typeahead=m
maple syrup,https://www.walmart.com/search?query=maple%20syrup&typeahead=m
mozzarella,https://www.walmart.com/search?query=mozzarella&typeahead=m
mandarin oranges,https://www.walmart.com/search?query=mandarin%20oranges&typeahead=m
melatonin,https://www.walmart.com/search?query=melatonin&typeahead=m
mascara,https://www.walmart.com/search?query=mascara&typeahead=m
turkey lunch meat,https://www.walmart.com/search?query=turkey%20lunch%20meat&typeahead=m
frozen meals,https://www.walmart.com/search?query=frozen%20meals&typeahead=m
mens shorts,https://www.walmart.com/search?query=mens%20shorts&typeahead=m
macaroni,https://www.walmart.com/search?query=macaroni&typeahead=m
mtn dew,https://www.walmart.com/search?query=mtn%20dew&typeahead=m
macaroni salad,https://www.walmart.com/search?query=macaroni%20salad&typeahead=m
whole milk,https://www.walmart.com/search?query=whole%20milk&typeahead=m
mixed vegetables,https://www.walmart.com/search?query=mixed%20vegetables&typeahead=m
pancake mix,https://www.walmart.com/search?query=pancake%20mix&typeahead=m
marie callender's frozen dinners,https://www.walmart.com/search?query=marie%20callender%27s%20frozen%20dinners&typeahead=m
m&ms,https://www.walmart.com/search?query=m%26ms&typeahead=m
mac and cheese cups,https://www.walmart.com/search?query=mac%20and%20cheese%20cups&typeahead=m
meat & seafood,https://www.walmart.com/search?query=meat%20%26%20seafood&typeahead=m
dog food,https://www.walmart.com/search?query=dog%20food&typeahead=d
doritos,https://www.walmart.com/search?query=doritos&typeahead=d
dr pepper,https://www.walmart.com/search?query=dr%20pepper&typeahead=d
dish soap,https://www.walmart.com/search?query=dish%20soap&typeahead=d
donuts,https://www.walmart.com/search?query=donuts&typeahead=d
dog treats,https://www.walmart.com/search?query=dog%20treats&typeahead=d
drinks,https://www.walmart.com/search?query=drinks&typeahead=d
diet coke,https://www.walmart.com/search?query=diet%20coke&typeahead=d
dawn dish soap,https://www.walmart.com/search?query=dawn%20dish%20soap&typeahead=d
deli meat,https://www.walmart.com/search?query=deli%20meat&typeahead=d
hot dogs,https://www.walmart.com/search?query=hot%20dogs&typeahead=d
dryer sheets,https://www.walmart.com/search?query=dryer%20sheets&typeahead=d
deodorant,https://www.walmart.com/search?query=deodorant&typeahead=d
hot dog buns,https://www.walmart.com/search?query=hot%20dog%20buns&typeahead=d
diced tomatoes,https://www.walmart.com/search?query=diced%20tomatoes&typeahead=d
distilled water,https://www.walmart.com/search?query=distilled%20water&typeahead=d
dishwasher detergent,https://www.walmart.com/search?query=dishwasher%20detergent&typeahead=d
dove body wash,https://www.walmart.com/search?query=dove%20body%20wash&typeahead=d
dishwasher pods,https://www.walmart.com/search?query=dishwasher%20pods&typeahead=d
diet pepsi,https://www.walmart.com/search?query=diet%20pepsi&typeahead=d
dry shampoo,https://www.walmart.com/search?query=dry%20shampoo&typeahead=d
laundry detergent,https://www.walmart.com/search?query=laundry%20detergent&typeahead=d
dry cat food,https://www.walmart.com/search?query=dry%20cat%20food&typeahead=d
diet dr pepper,https://www.walmart.com/search?query=diet%20dr%20pepper&typeahead=d
diapers,https://www.walmart.com/search?query=diapers&typeahead=d
deli ham,https://www.walmart.com/search?query=deli%20ham&typeahead=d
dove soap,https://www.walmart.com/search?query=dove%20soap&typeahead=d
dawn,https://www.walmart.com/search?query=dawn&typeahead=d
deodorant for women,https://www.walmart.com/search?query=deodorant%20for%20women&typeahead=d
deli turkey,https://www.walmart.com/search?query=deli%20turkey&typeahead=d
doritos chips,https://www.walmart.com/search?query=doritos%20chips&typeahead=d
disinfecting wipes,https://www.walmart.com/search?query=disinfecting%20wipes&typeahead=d
drink mix,https://www.walmart.com/search?query=drink%20mix&typeahead=d
ranch dressing,https://www.walmart.com/search?query=ranch%20dressing&typeahead=d
dry erase markers,https://www.walmart.com/search?query=dry%20erase%20markers&typeahead=d
dip,https://www.walmart.com/search?query=dip&typeahead=d
desk,https://www.walmart.com/search?query=desk&typeahead=d
dresser,https://www.walmart.com/search?query=dresser&typeahead=d
dill pickles,https://www.walmart.com/search?query=dill%20pickles&typeahead=d
danimals,https://www.walmart.com/search?query=danimals&typeahead=d
deli cheese,https://www.walmart.com/search?query=deli%20cheese&typeahead=d
dr pepper zero,https://www.walmart.com/search?query=dr%20pepper%20zero&typeahead=d
little debbie snacks,https://www.walmart.com/search?query=little%20debbie%20snacks&typeahead=d
deodorant for men,https://www.walmart.com/search?query=deodorant%20for%20men&typeahead=d
diet mountain dew,https://www.walmart.com/search?query=diet%20mountain%20dew&typeahead=d
diet soda,https://www.walmart.com/search?query=diet%20soda&typeahead=d
dijon mustard,https://www.walmart.com/search?query=dijon%20mustard&typeahead=d
dark chocolate,https://www.walmart.com/search?query=dark%20chocolate&typeahead=d
daves killer bread,https://www.walmart.com/search?query=daves%20killer%20bread&typeahead=d
dill,https://www.walmart.com/search?query=dill&typeahead=d
paper towels,https://www.walmart.com/search?query=paper%20towels&typeahead=p
potatoes,https://www.walmart.com/search?query=potatoes&typeahead=p
paper plates,https://www.walmart.com/search?query=paper%20plates&typeahead=p
peanut butter,https://www.walmart.com/search?query=peanut%20butter&typeahead=p
pizza,https://www.walmart.com/search?query=pizza&typeahead=p
parmesan cheese,https://www.walmart.com/search?query=parmesan%20cheese&typeahead=p
pepperoni,https://www.walmart.com/search?query=pepperoni&typeahead=p
pasta,https://www.walmart.com/search?query=pasta&typeahead=p
popsicles,https://www.walmart.com/search?query=popsicles&typeahead=p
popcorn,https://www.walmart.com/search?query=popcorn&typeahead=p
pickles,https://www.walmart.com/search?query=pickles&typeahead=p
toilet paper,https://www.walmart.com/search?query=toilet%20paper&typeahead=p
sour cream,https://www.walmart.com/search?query=sour%20cream&typeahead=s
shredded cheese,https://www.walmart.com/search?query=shredded%20cheese&typeahead=s
strawberries,https://www.walmart.com/search?query=strawberries&typeahead=s
snacks,https://www.walmart.com/search?query=snacks&typeahead=s
sugar,https://www.walmart.com/search?query=sugar&typeahead=s
sausage,https://www.walmart.com/search?query=sausage&typeahead=s
salad,https://www.walmart.com/search?query=salad&typeahead=s
spaghetti sauce,https://www.walmart.com/search?query=spaghetti%20sauce&typeahead=s
soda,https://www.walmart.com/search?query=soda&typeahead=s
sliced cheese,https://www.walmart.com/search?query=sliced%20cheese&typeahead=s
sauce,https://www.walmart.com/search?query=sauce&typeahead=s
rice,https://www.walmart.com/search?query=rice&typeahead=r
ranch dressing,https://www.walmart.com/search?query=ranch%20dressing&typeahead=r
red onion,https://www.walmart.com/search?query=red%20onion&typeahead=r
ranch,https://www.walmart.com/search?query=ranch&typeahead=r
ritz crackers,https://www.walmart.com/search?query=ritz%20crackers&typeahead=r
ramen noodles,https://www.walmart.com/search?query=ramen%20noodles&typeahead=r
romaine lettuce,https://www.walmart.com/search?query=romaine%20lettuce&typeahead=r
refried beans,https://www.walmart.com/search?query=refried%20beans&typeahead=r
rotisserie chicken,https://www.walmart.com/search?query=rotisserie%20chicken&typeahead=r
rotel,https://www.walmart.com/search?query=rotel&typeahead=r
ramen,https://www.walmart.com/search?query=ramen&typeahead=r
red potatoes,https://www.walmart.com/search?query=red%20potatoes&typeahead=r
raspberries,https://www.walmart.com/search?query=raspberries&typeahead=r
ribs,https://www.walmart.com/search?query=ribs&typeahead=r
rolls,https://www.walmart.com/search?query=rolls&typeahead=r
ricotta cheese,https://www.walmart.com/search?query=ricotta%20cheese&typeahead=r
pepsi,https://www.walmart.com/search?query=pepsi&typeahead=p
pork chops,https://www.walmart.com/search?query=pork%20chops&typeahead=p
pancake mix,https://www.walmart.com/search?query=pancake%20mix&typeahead=p
peppers,https://www.walmart.com/search?query=peppers&typeahead=p
pineapple,https://www.walmart.com/search?query=pineapple&typeahead=p
pizza rolls,https://www.walmart.com/search?query=pizza%20rolls&typeahead=p
pretzels,https://www.walmart.com/search?query=pretzels&typeahead=p
pop-tarts,https://www.walmart.com/search?query=pop-tarts&typeahead=p
pringles,https://www.walmart.com/search?query=pringles&typeahead=p
pasta sauce,https://www.walmart.com/search?query=pasta%20sauce&typeahead=p
potato chips,https://www.walmart.com/search?query=potato%20chips&typeahead=p
pizza sauce,https://www.walmart.com/search?query=pizza%20sauce&typeahead=p
peaches,https://www.walmart.com/search?query=peaches&typeahead=p
protein bars,https://www.walmart.com/search?query=protein%20bars&typeahead=p
potato salad,https://www.walmart.com/search?query=potato%20salad&typeahead=p
protein shake,https://www.walmart.com/search?query=protein%20shake&typeahead=p
provolone cheese,https://www.walmart.com/search?query=provolone%20cheese&typeahead=p
plastic forks,https://www.walmart.com/search?query=plastic%20forks&typeahead=p
pools,https://www.walmart.com/search?query=pools&typeahead=p
pads,https://www.walmart.com/search?query=pads&typeahead=p
spinach,https://www.walmart.com/search?query=spinach&typeahead=s
shrimp,https://www.walmart.com/search?query=shrimp&typeahead=s
steak,https://www.walmart.com/search?query=steak&typeahead=s
sprite,https://www.walmart.com/search?query=sprite&typeahead=s
spaghetti noodles,https://www.walmart.com/search?query=spaghetti%20noodles&typeahead=s
shredded lettuce,https://www.walmart.com/search?query=shredded%20lettuce&typeahead=s
syrup,https://www.walmart.com/search?query=syrup&typeahead=s
sunscreen,https://www.walmart.com/search?query=sunscreen&typeahead=s
salt,https://www.walmart.com/search?query=salt&typeahead=s
sparkling water,https://www.walmart.com/search?query=sparkling%20water&typeahead=s
shampoo,https://www.walmart.com/search?query=shampoo&typeahead=s
salami,https://www.walmart.com/search?query=salami&typeahead=s
string cheese,https://www.walmart.com/search?query=string%20cheese&typeahead=s
sweet potato,https://www.walmart.com/search?query=sweet%20potato&typeahead=s
salmon,https://www.walmart.com/search?query=salmon&typeahead=s
shampoo and conditioner,https://www.walmart.com/search?query=shampoo%20and%20conditioner&typeahead=s
seasoning,https://www.walmart.com/search?query=seasoning&typeahead=s
salad mix,https://www.walmart.com/search?query=salad%20mix&typeahead=s
sandwich meat,https://www.walmart.com/search?query=sandwich%20meat&typeahead=s
soup,https://www.walmart.com/search?query=soup&typeahead=s
soy sauce,https://www.walmart.com/search?query=soy%20sauce&typeahead=s
spaghetti,https://www.walmart.com/search?query=spaghetti&typeahead=s
snack cakes,https://www.walmart.com/search?query=snack%20cakes&typeahead=s
sandwich bags,https://www.walmart.com/search?query=sandwich%20bags&typeahead=s
swiss cheese,https://www.walmart.com/search?query=swiss%20cheese&typeahead=s
roma tomatoes,https://www.walmart.com/search?query=roma%20tomatoes&typeahead=r
rice cakes,https://www.walmart.com/search?query=rice%20cakes&typeahead=r
russet potatoes,https://www.walmart.com/search?query=russet%20potatoes&typeahead=r
root beer,https://www.walmart.com/search?query=root%20beer&typeahead=r
red bull,https://www.walmart.com/search?query=red%20bull&typeahead=r
ranch seasoning,https://www.walmart.com/search?query=ranch%20seasoning&typeahead=r
razors,https://www.walmart.com/search?query=razors&typeahead=r
relish,https://www.walmart.com/search?query=relish&typeahead=r
rice a roni,https://www.walmart.com/search?query=rice%20a%20roni&typeahead=r
roast,https://www.walmart.com/search?query=roast&typeahead=r
ravioli,https://www.walmart.com/search?query=ravioli&typeahead=r
raisins,https://www.walmart.com/search?query=raisins&typeahead=r
ruffles,https://www.walmart.com/search?query=ruffles&typeahead=r
roast beef,https://www.walmart.com/search?query=roast%20beef&typeahead=r
ritz,https://www.walmart.com/search?query=ritz&typeahead=r
rice krispies,https://www.walmart.com/search?query=rice%20krispies&typeahead=r
red bell pepper,https://www.walmart.com/search?query=red%20bell%20pepper&typeahead=r
razors for women,https://www.walmart.com/search?query=razors%20for%20women&typeahead=r
red pepper,https://www.walmart.com/search?query=red%20pepper&typeahead=r
pizza rolls,https://www.walmart.com/search?query=pizza%20rolls&typeahead=r
rubbing alcohol,https://www.walmart.com/search?query=rubbing%20alcohol&typeahead=r
reeses,https://www.walmart.com/search?query=reeses&typeahead=r
rotini pasta,https://www.walmart.com/search?query=rotini%20pasta&typeahead=r
raisin bran,https://www.walmart.com/search?query=raisin%20bran&typeahead=r
ranch dressing mix,https://www.walmart.com/search?query=ranch%20dressing%20mix&typeahead=r
roku tv,https://www.walmart.com/search?query=roku%20tv&typeahead=r
ragu spaghetti sauce,https://www.walmart.com/search?query=ragu%20spaghetti%20sauce&typeahead=r
cinnamon rolls,https://www.walmart.com/search?query=cinnamon%20rolls&typeahead=r
red wine vinegar,https://www.walmart.com/search?query=red%20wine%20vinegar&typeahead=r
rice krispie treats,https://www.walmart.com/search?query=rice%20krispie%20treats&typeahead=r
red baron pizza,https://www.walmart.com/search?query=red%20baron%20pizza&typeahead=r
ranch dip,https://www.walmart.com/search?query=ranch%20dip&typeahead=r
rye bread,https://www.walmart.com/search?query=rye%20bread&typeahead=r
romaine,https://www.walmart.com/search?query=romaine&typeahead=r
plastic cups,https://www.walmart.com/search?query=plastic%20cups&typeahead=p
paper bowls,https://www.walmart.com/search?query=paper%20bowls&typeahead=p
premier protein shakes,https://www.walmart.com/search?query=premier%20protein%20shakes&typeahead=p
pepper jack cheese,https://www.walmart.com/search?query=pepper%20jack%20cheese&typeahead=p
parsley,https://www.walmart.com/search?query=parsley&typeahead=p
pineapple juice,https://www.walmart.com/search?query=pineapple%20juice&typeahead=p
powerade,https://www.walmart.com/search?query=powerade&typeahead=p
peanut butter crackers,https://www.walmart.com/search?query=peanut%20butter%20crackers&typeahead=p
plastic spoons,https://www.walmart.com/search?query=plastic%20spoons&typeahead=p
produce,https://www.walmart.com/search?query=produce&typeahead=p
pudding,https://www.walmart.com/search?query=pudding&typeahead=p
pancakes,https://www.walmart.com/search?query=pancakes&typeahead=p
parchment paper,https://www.walmart.com/search?query=parchment%20paper&typeahead=p
peas,https://www.walmart.com/search?query=peas&typeahead=p
powdered sugar,https://www.walmart.com/search?query=powdered%20sugar&typeahead=p
bell pepper,https://www.walmart.com/search?query=bell%20pepper&typeahead=p
peanuts,https://www.walmart.com/search?query=peanuts&typeahead=p
sweet tea,https://www.walmart.com/search?query=sweet%20tea&typeahead=s
sausage patties,https://www.walmart.com/search?query=sausage%20patties&typeahead=s
salad kit,https://www.walmart.com/search?query=salad%20kit&typeahead=s
smoked sausage,https://www.walmart.com/search?query=smoked%20sausage&typeahead=s
squash,https://www.walmart.com/search?query=squash&typeahead=s
shredded cheddar cheese,https://www.walmart.com/search?query=shredded%20cheddar%20cheese&typeahead=s
taco seasoning,https://www.walmart.com/search?query=taco%20seasoning&typeahead=s
smart tv,https://www.walmart.com/search?query=smart%20tv&typeahead=s
sourdough bread,https://www.walmart.com/search?query=sourdough%20bread&typeahead=s
saltine crackers,https://www.walmart.com/search?query=saltine%20crackers&typeahead=s
sausage links,https://www.walmart.com/search?query=sausage%20links&typeahead=s
salad dressing,https://www.walmart.com/search?query=salad%20dressing&typeahead=s
spam,https://www.walmart.com/search?query=spam&typeahead=s
qtips,https://www.walmart.com/search?query=qtips&typeahead=q
q tips,https://www.walmart.com/search?query=q%20tips&typeahead=q
quest chips,https://www.walmart.com/search?query=quest%20chips&typeahead=q
quinoa,https://www.walmart.com/search?query=quinoa&typeahead=q
queen mattress,https://www.walmart.com/search?query=queen%20mattress&typeahead=q
queen bed frame,https://www.walmart.com/search?query=queen%20bed%20frame&typeahead=q
quest,https://www.walmart.com/search?query=quest&typeahead=q
quilted northern toilet paper,https://www.walmart.com/search?query=quilted%20northern%20toilet%20paper&typeahead=q
quart freezer bags,https://www.walmart.com/search?query=quart%20freezer%20bags&typeahead=q
queen sheets,https://www.walmart.com/search?query=queen%20sheets&typeahead=q
queen comforter set,https://www.walmart.com/search?query=queen%20comforter%20set&typeahead=q
quart storage bags,https://www.walmart.com/search?query=quart%20storage%20bags&typeahead=q
queso dip,https://www.walmart.com/search?query=queso%20dip&typeahead=q
quick oats,https://www.walmart.com/search?query=quick%20oats&typeahead=q
quest bars,https://www.walmart.com/search?query=quest%20bars&typeahead=q
queen air mattress,https://www.walmart.com/search?query=queen%20air%20mattress&typeahead=q
quest protein bars,https://www.walmart.com/search?query=quest%20protein%20bars&typeahead=q
quesadilla cheese,https://www.walmart.com/search?query=quesadilla%20cheese&typeahead=q
quart bags,https://www.walmart.com/search?query=quart%20bags&typeahead=q
quart ziploc bags,https://www.walmart.com/search?query=quart%20ziploc%20bags&typeahead=q
queso,https://www.walmart.com/search?query=queso&typeahead=q
queen sheet sets,https://www.walmart.com/search?query=queen%20sheet%20sets&typeahead=q
quaker rice cakes,https://www.walmart.com/search?query=quaker%20rice%20cakes&typeahead=q
quest protein chips,https://www.walmart.com/search?query=quest%20protein%20chips&typeahead=q
quilt,https://www.walmart.com/search?query=quilt&typeahead=q
quest cookies,https://www.walmart.com/search?query=quest%20cookies&typeahead=q
quaker oatmeal,https://www.walmart.com/search?query=quaker%20oatmeal&typeahead=q
queen bed frame with headboard,https://www.walmart.com/search?query=queen%20bed%20frame%20with%20headboard&typeahead=q
queen bed,https://www.walmart.com/search?query=queen%20bed&typeahead=q
qtips 500,https://www.walmart.com/search?query=qtips%20500&typeahead=q
queen mattress protector,https://www.walmart.com/search?query=queen%20mattress%20protector&typeahead=q
quick meals,https://www.walmart.com/search?query=quick%20meals&typeahead=q
queen fitted sheet,https://www.walmart.com/search?query=queen%20fitted%20sheet&typeahead=q
q tips 500 count,https://www.walmart.com/search?query=q%20tips%20500%20count&typeahead=q
quest pizza,https://www.walmart.com/search?query=quest%20pizza&typeahead=q
queen comforter,https://www.walmart.com/search?query=queen%20comforter&typeahead=q
quaker granola bars,https://www.walmart.com/search?query=quaker%20granola%20bars&typeahead=q
queen box spring,https://www.walmart.com/search?query=queen%20box%20spring&typeahead=q
quilted northern,https://www.walmart.com/search?query=quilted%20northern&typeahead=q
quiche,https://www.walmart.com/search?query=quiche&typeahead=q
queen mattress topper,https://www.walmart.com/search?query=queen%20mattress%20topper&typeahead=q
queen bed in a bag,https://www.walmart.com/search?query=queen%20bed%20in%20a%20bag&typeahead=q
quilts for queen bed,https://www.walmart.com/search?query=quilts%20for%20queen%20bed&typeahead=q
quaker instant oatmeal,https://www.walmart.com/search?query=quaker%20instant%20oatmeal&typeahead=q
quaker oats,https://www.walmart.com/search?query=quaker%20oats&typeahead=q
toilet paper,https://www.walmart.com/search?query=toilet%20paper&typeahead=t
tomatoes,https://www.walmart.com/search?query=tomatoes&typeahead=t
tortilla chips,https://www.walmart.com/search?query=tortilla%20chips&typeahead=t
tortillas,https://www.walmart.com/search?query=tortillas&typeahead=t
taco seasoning,https://www.walmart.com/search?query=taco%20seasoning&typeahead=t
toothpaste,https://www.walmart.com/search?query=toothpaste&typeahead=t
turkey lunch meat,https://www.walmart.com/search?query=turkey%20lunch%20meat&typeahead=t
tires,https://www.walmart.com/search?query=tires&typeahead=t
trash bags,https://www.walmart.com/search?query=trash%20bags&typeahead=t
paper towels,https://www.walmart.com/search?query=paper%20towels&typeahead=t
tuna,https://www.walmart.com/search?query=tuna&typeahead=t
tv,https://www.walmart.com/search?query=tv&typeahead=t
tomato sauce,https://www.walmart.com/search?query=tomato%20sauce&typeahead=t
taco shells,https://www.walmart.com/search?query=taco%20shells&typeahead=t
travel size toiletries,https://www.walmart.com/search?query=travel%20size%20toiletries&typeahead=t
turkey,https://www.walmart.com/search?query=turkey&typeahead=t
tea,https://www.walmart.com/search?query=tea&typeahead=t
toothbrush,https://www.walmart.com/search?query=toothbrush&typeahead=t
tater tots,https://www.walmart.com/search?query=tater%20tots&typeahead=t
tampons,https://www.walmart.com/search?query=tampons&typeahead=t
toilet bowl cleaner,https://www.walmart.com/search?query=toilet%20bowl%20cleaner&typeahead=t
tomato paste,https://www.walmart.com/search?query=tomato%20paste&typeahead=t
tissues,https://www.walmart.com/search?query=tissues&typeahead=t
takis,https://www.walmart.com/search?query=takis&typeahead=t
turkey bacon,https://www.walmart.com/search?query=turkey%20bacon&typeahead=t
turkey sausage,https://www.walmart.com/search?query=turkey%20sausage&typeahead=t
toys,https://www.walmart.com/search?query=toys&typeahead=t
taco sauce,https://www.walmart.com/search?query=taco%20sauce&typeahead=t
taquitos,https://www.walmart.com/search?query=taquitos&typeahead=t
trail mix,https://www.walmart.com/search?query=trail%20mix&typeahead=t
tide laundry detergent,https://www.walmart.com/search?query=tide%20laundry%20detergent&typeahead=t
tea bags,https://www.walmart.com/search?query=tea%20bags&typeahead=t
tomato soup,https://www.walmart.com/search?query=tomato%20soup&typeahead=t
tortilla wraps,https://www.walmart.com/search?query=tortilla%20wraps&typeahead=t
tide pods,https://www.walmart.com/search?query=tide%20pods&typeahead=t
tuna in water,https://www.walmart.com/search?query=tuna%20in%20water&typeahead=t
tv dinners,https://www.walmart.com/search?query=tv%20dinners&typeahead=t
tide,https://www.walmart.com/search?query=tide&typeahead=t
taco kit,https://www.walmart.com/search?query=taco%20kit&typeahead=t
tostitos,https://www.walmart.com/search?query=tostitos&typeahead=t
texas toast,https://www.walmart.com/search?query=texas%20toast&typeahead=t
teriyaki sauce,https://www.walmart.com/search?query=teriyaki%20sauce&typeahead=t
tums,https://www.walmart.com/search?query=tums&typeahead=t
ground turkey,https://www.walmart.com/search?query=ground%20turkey&typeahead=t
tent,https://www.walmart.com/search?query=tent&typeahead=t
tylenol,https://www.walmart.com/search?query=tylenol&typeahead=t
toaster strudel,https://www.walmart.com/search?query=toaster%20strudel&typeahead=t
towels,https://www.walmart.com/search?query=towels&typeahead=t
triscuits,https://www.walmart.com/search?query=triscuits&typeahead=t
tuna pouch,https://www.walmart.com/search?query=tuna%20pouch&typeahead=t
onion,https://www.walmart.com/search?query=onion&typeahead=o
orange juice,https://www.walmart.com/search?query=orange%20juice&typeahead=o
oreos,https://www.walmart.com/search?query=oreos&typeahead=o
olive oil,https://www.walmart.com/search?query=olive%20oil&typeahead=o
oatmeal,https://www.walmart.com/search?query=oatmeal&typeahead=o
oranges,https://www.walmart.com/search?query=oranges&typeahead=o
olives,https://www.walmart.com/search?query=olives&typeahead=o
oat milk,https://www.walmart.com/search?query=oat%20milk&typeahead=o
onion powder,https://www.walmart.com/search?query=onion%20powder&typeahead=o
oil,https://www.walmart.com/search?query=oil&typeahead=o
oreos cookies,https://www.walmart.com/search?query=oreos%20cookies&typeahead=o
onions bag,https://www.walmart.com/search?query=onions%20bag&typeahead=o
oxiclean,https://www.walmart.com/search?query=oxiclean&typeahead=o
red onion,https://www.walmart.com/search?query=red%20onion&typeahead=o
oikos triple zero yogurt,https://www.walmart.com/search?query=oikos%20triple%20zero%20yogurt&typeahead=o
organic milk,https://www.walmart.com/search?query=organic%20milk&typeahead=o
onion soup mix,https://www.walmart.com/search?query=onion%20soup%20mix&typeahead=o
outshine frozen fruit bars,https://www.walmart.com/search?query=outshine%20frozen%20fruit%20bars&typeahead=o
oats,https://www.walmart.com/search?query=oats&typeahead=o
oatmeal cream pies,https://www.walmart.com/search?query=oatmeal%20cream%20pies&typeahead=o
oil filter,https://www.walmart.com/search?query=oil%20filter&typeahead=o
green onions,https://www.walmart.com/search?query=green%20onions&typeahead=o
outdoor rugs,https://www.walmart.com/search?query=outdoor%20rugs&typeahead=o
old spice deodorant,https://www.walmart.com/search?query=old%20spice%20deodorant&typeahead=o
vegetable oil,https://www.walmart.com/search?query=vegetable%20oil&typeahead=o
olive garden salad dressing,https://www.walmart.com/search?query=olive%20garden%20salad%20dressing&typeahead=o
outdoor furniture sets,https://www.walmart.com/search?query=outdoor%20furniture%20sets&typeahead=o
olay body wash,https://www.walmart.com/search?query=olay%20body%20wash&typeahead=o
olipop,https://www.walmart.com/search?query=olipop&typeahead=o
orange juice no pulp,https://www.walmart.com/search?query=orange%20juice%20no%20pulp&typeahead=o
organic,https://www.walmart.com/search?query=organic&typeahead=o
oregano,https://www.walmart.com/search?query=oregano&typeahead=o
organic fruit,https://www.walmart.com/search?query=organic%20fruit&typeahead=o
orange soda,https://www.walmart.com/search?query=orange%20soda&typeahead=o
omeprazole,https://www.walmart.com/search?query=omeprazole&typeahead=o
onion rings,https://www.walmart.com/search?query=onion%20rings&typeahead=o
black olives,https://www.walmart.com/search?query=black%20olives&typeahead=o
office chair,https://www.walmart.com/search?query=office%20chair&typeahead=o
organic eggs,https://www.walmart.com/search?query=organic%20eggs&typeahead=o
old spice body wash,https://www.walmart.com/search?query=old%20spice%20body%20wash&typeahead=o
outdoor chairs,https://www.walmart.com/search?query=outdoor%20chairs&typeahead=o
oui yogurt,https://www.walmart.com/search?query=oui%20yogurt&typeahead=o
oatmeal cookies,https://www.walmart.com/search?query=oatmeal%20cookies&typeahead=o
oikos,https://www.walmart.com/search?query=oikos&typeahead=o
ozarka bottled water,https://www.walmart.com/search?query=ozarka%20bottled%20water&typeahead=o
outshine,https://www.walmart.com/search?query=outshine&typeahead=o
old bay seasoning,https://www.walmart.com/search?query=old%20bay%20seasoning&typeahead=o
olive oil spray,https://www.walmart.com/search?query=olive%20oil%20spray&typeahead=o
cooking oil,https://www.walmart.com/search?query=cooking%20oil&typeahead=o
uncrustables,https://www.walmart.com/search?query=uncrustables&typeahead=u
unsalted butter,https://www.walmart.com/search?query=unsalted%20butter&typeahead=u
umbrella,https://www.walmart.com/search?query=umbrella&typeahead=u
uncrustables peanut butter and jelly,https://www.walmart.com/search?query=uncrustables%20peanut%20butter%20and%20jelly&typeahead=u
uncle bens ready rice,https://www.walmart.com/search?query=uncle%20bens%20ready%20rice&typeahead=u
school supplies under $1,https://www.walmart.com/search?query=school%20supplies%20under%20%241&typeahead=u
unsweetened almond milk,https://www.walmart.com/search?query=unsweetened%20almond%20milk&typeahead=u
underwear for women,https://www.walmart.com/search?query=underwear%20for%20women&typeahead=u
umbrella base,https://www.walmart.com/search?query=umbrella%20base&typeahead=u
umbrella stroller,https://www.walmart.com/search?query=umbrella%20stroller&typeahead=u
pull ups,https://www.walmart.com/search?query=pull%20ups&typeahead=u
underwear for men,https://www.walmart.com/search?query=underwear%20for%20men&typeahead=u
utz chips,https://www.walmart.com/search?query=utz%20chips&typeahead=u
fruit roll ups,https://www.walmart.com/search?query=fruit%20roll%20ups&typeahead=u
unstoppables,https://www.walmart.com/search?query=unstoppables&typeahead=u
unsweetened tea,https://www.walmart.com/search?query=unsweetened%20tea&typeahead=u
usb c charger,https://www.walmart.com/search?query=usb%20c%20charger&typeahead=u
under bed storage,https://www.walmart.com/search?query=under%20bed%20storage&typeahead=u
unlocked cell phones,https://www.walmart.com/search?query=unlocked%20cell%20phones&typeahead=u
uniforms for girls,https://www.walmart.com/search?query=uniforms%20for%20girls&typeahead=u
patio umbrella,https://www.walmart.com/search?query=patio%20umbrella&typeahead=u
upholstery cleaner,https://www.walmart.com/search?query=upholstery%20cleaner&typeahead=u
ac unit,https://www.walmart.com/search?query=ac%20unit&typeahead=u
unisom,https://www.walmart.com/search?query=unisom&typeahead=u
universal remote,https://www.walmart.com/search?query=universal%20remote&typeahead=u
beach umbrella,https://www.walmart.com/search?query=beach%20umbrella&typeahead=u
under sink organizer,https://www.walmart.com/search?query=under%20sink%20organizer&typeahead=u
utensils,https://www.walmart.com/search?query=utensils&typeahead=u
unicorn,https://www.walmart.com/search?query=unicorn&typeahead=u
usb flash drives,https://www.walmart.com/search?query=usb%20flash%20drives&typeahead=u
unsweetened vanilla almond milk,https://www.walmart.com/search?query=unsweetened%20vanilla%20almond%20milk&typeahead=u
ultra tampons,https://www.walmart.com/search?query=ultra%20tampons&typeahead=u
utensil holder,https://www.walmart.com/search?query=utensil%20holder&typeahead=u
uti medicine,https://www.walmart.com/search?query=uti%20medicine&typeahead=u
under sink storage,https://www.walmart.com/search?query=under%20sink%20storage&typeahead=u
air conditioners window unit,https://www.walmart.com/search?query=air%20conditioners%20window%20unit&typeahead=u
uno cards,https://www.walmart.com/search?query=uno%20cards&typeahead=u
pull ups 4t-5t,https://www.walmart.com/search?query=pull%20ups%204t-5t&typeahead=u
unlocked iphone,https://www.walmart.com/search?query=unlocked%20iphone&typeahead=u
plastic utensils,https://www.walmart.com/search?query=plastic%20utensils&typeahead=u
underwear,https://www.walmart.com/search?query=underwear&typeahead=u
utz,https://www.walmart.com/search?query=utz&typeahead=u
michelob ultra,https://www.walmart.com/search?query=michelob%20ultra&typeahead=u
unbleached flour,https://www.walmart.com/search?query=unbleached%20flour&typeahead=u
u by kotex pads,https://www.walmart.com/search?query=u%20by%20kotex%20pads&typeahead=u
unflavored gelatin,https://www.walmart.com/search?query=unflavored%20gelatin&typeahead=u
uncured bacon,https://www.walmart.com/search?query=uncured%20bacon&typeahead=u
unsalted peanuts,https://www.walmart.com/search?query=unsalted%20peanuts&typeahead=u
udon noodles,https://www.walmart.com/search?query=udon%20noodles&typeahead=u
vegetables,https://www.walmart.com/search?query=vegetables&typeahead=v
vegetable oil,https://www.walmart.com/search?query=vegetable%20oil&typeahead=v
vinegar,https://www.walmart.com/search?query=vinegar&typeahead=v
velveeta cheese,https://www.walmart.com/search?query=velveeta%20cheese&typeahead=v
vanilla ice cream,https://www.walmart.com/search?query=vanilla%20ice%20cream&typeahead=v
vanilla extract,https://www.walmart.com/search?query=vanilla%20extract&typeahead=v
vacuum,https://www.walmart.com/search?query=vacuum&typeahead=v
frozen vegetables,https://www.walmart.com/search?query=frozen%20vegetables&typeahead=v
veggie straws,https://www.walmart.com/search?query=veggie%20straws&typeahead=v
variety pack chips,https://www.walmart.com/search?query=variety%20pack%20chips&typeahead=v
vitamin water,https://www.walmart.com/search?query=vitamin%20water&typeahead=v
vanilla wafers,https://www.walmart.com/search?query=vanilla%20wafers&typeahead=v
veggies,https://www.walmart.com/search?query=veggies&typeahead=v
vanilla yogurt,https://www.walmart.com/search?query=vanilla%20yogurt&typeahead=v
vacuum cleaner,https://www.walmart.com/search?query=vacuum%20cleaner&typeahead=v
velveeta,https://www.walmart.com/search?query=velveeta&typeahead=v
vienna sausage,https://www.walmart.com/search?query=vienna%20sausage&typeahead=v
vaseline,https://www.walmart.com/search?query=vaseline&typeahead=v
vanilla pudding,https://www.walmart.com/search?query=vanilla%20pudding&typeahead=v
vanilla,https://www.walmart.com/search?query=vanilla&typeahead=v
viva paper towels,https://www.walmart.com/search?query=viva%20paper%20towels&typeahead=v
v8 juice,https://www.walmart.com/search?query=v8%20juice&typeahead=v
vitamin d,https://www.walmart.com/search?query=vitamin%20d&typeahead=v
vitamin c,https://www.walmart.com/search?query=vitamin%20c&typeahead=v
vegan,https://www.walmart.com/search?query=vegan&typeahead=v
vibrator,https://www.walmart.com/search?query=vibrator&typeahead=v
great value chips,https://www.walmart.com/search?query=great%20value%20chips&typeahead=v
v8 energy,https://www.walmart.com/search?query=v8%20energy&typeahead=v
vegetable tray,https://www.walmart.com/search?query=vegetable%20tray&typeahead=v
velveeta shells and cheese,https://www.walmart.com/search?query=velveeta%20shells%20and%20cheese&typeahead=v
v8,https://www.walmart.com/search?query=v8&typeahead=v
vibrator for women,https://www.walmart.com/search?query=vibrator%20for%20women&typeahead=v
vitamin b12,https://www.walmart.com/search?query=vitamin%20b12&typeahead=v
apple cider vinegar,https://www.walmart.com/search?query=apple%20cider%20vinegar&typeahead=v
canned vegetables,https://www.walmart.com/search?query=canned%20vegetables&typeahead=v
vodka,https://www.walmart.com/search?query=vodka&typeahead=v
vitamin d3,https://www.walmart.com/search?query=vitamin%20d3&typeahead=v
great value snacks,https://www.walmart.com/search?query=great%20value%20snacks&typeahead=v
vegetable broth,https://www.walmart.com/search?query=vegetable%20broth&typeahead=v
vitamins,https://www.walmart.com/search?query=vitamins&typeahead=v
white vinegar,https://www.walmart.com/search?query=white%20vinegar&typeahead=v
vanilla cake mix,https://www.walmart.com/search?query=vanilla%20cake%20mix&typeahead=v
veggie dip,https://www.walmart.com/search?query=veggie%20dip&typeahead=v
veggie trays,https://www.walmart.com/search?query=veggie%20trays&typeahead=v
vegan cheese,https://www.walmart.com/search?query=vegan%20cheese&typeahead=v
fresh vegetables,https://www.walmart.com/search?query=fresh%20vegetables&typeahead=v
vegan mayo,https://www.walmart.com/search?query=vegan%20mayo&typeahead=v
great value,https://www.walmart.com/search?query=great%20value&typeahead=v
water,https://www.walmart.com/search?query=water&typeahead=w
watermelon,https://www.walmart.com/search?query=watermelon&typeahead=w
whole milk,https://www.walmart.com/search?query=whole%20milk&typeahead=w
waffles,https://www.walmart.com/search?query=waffles&typeahead=w
whipped cream,https://www.walmart.com/search?query=whipped%20cream&typeahead=w
wipes,https://www.walmart.com/search?query=wipes&typeahead=w
white bread,https://www.walmart.com/search?query=white%20bread&typeahead=w
wheat bread,https://www.walmart.com/search?query=wheat%20bread&typeahead=w
wet cat food,https://www.walmart.com/search?query=wet%20cat%20food&typeahead=w
wax melts,https://www.walmart.com/search?query=wax%20melts&typeahead=w
water flavor packets,https://www.walmart.com/search?query=water%20flavor%20packets&typeahead=w
white vinegar,https://www.walmart.com/search?query=white%20vinegar&typeahead=w
bottled water,https://www.walmart.com/search?query=bottled%20water&typeahead=w
wet dog food,https://www.walmart.com/search?query=wet%20dog%20food&typeahead=w
wheat thins,https://www.walmart.com/search?query=wheat%20thins&typeahead=w
worcestershire sauce,https://www.walmart.com/search?query=worcestershire%20sauce&typeahead=w
white rice,https://www.walmart.com/search?query=white%20rice&typeahead=w
womens shorts,https://www.walmart.com/search?query=womens%20shorts&typeahead=w
window air conditioner,https://www.walmart.com/search?query=window%20air%20conditioner&typeahead=w
water balloons,https://www.walmart.com/search?query=water%20balloons&typeahead=w
water bottles,https://www.walmart.com/search?query=water%20bottles&typeahead=w
white onion,https://www.walmart.com/search?query=white%20onion&typeahead=w
baby wipes,https://www.walmart.com/search?query=baby%20wipes&typeahead=w
body wash,https://www.walmart.com/search?query=body%20wash&typeahead=w
walnuts,https://www.walmart.com/search?query=walnuts&typeahead=w
windex,https://www.walmart.com/search?query=windex&typeahead=w
water bottle,https://www.walmart.com/search?query=water%20bottle&typeahead=w
wings,https://www.walmart.com/search?query=wings&typeahead=w
whipped cream cheese,https://www.walmart.com/search?query=whipped%20cream%20cheese&typeahead=w
whole wheat bread,https://www.walmart.com/search?query=whole%20wheat%20bread&typeahead=w
cool whip,https://www.walmart.com/search?query=cool%20whip&typeahead=w
white cake mix,https://www.walmart.com/search?query=white%20cake%20mix&typeahead=w
water enhancer,https://www.walmart.com/search?query=water%20enhancer&typeahead=w
chicken wings,https://www.walmart.com/search?query=chicken%20wings&typeahead=w
heavy whipping cream,https://www.walmart.com/search?query=heavy%20whipping%20cream&typeahead=w
wine,https://www.walmart.com/search?query=wine&typeahead=w
sparkling water,https://www.walmart.com/search?query=sparkling%20water&typeahead=w
whole chicken,https://www.walmart.com/search?query=whole%20chicken&typeahead=w
womens plus size clearance $5,https://www.walmart.com/search?query=womens%20plus%20size%20clearance%20%245&typeahead=w
womens dresses,https://www.walmart.com/search?query=womens%20dresses&typeahead=w
water gallon,https://www.walmart.com/search?query=water%20gallon&typeahead=w
water shoes,https://www.walmart.com/search?query=water%20shoes&typeahead=w
weed killer,https://www.walmart.com/search?query=weed%20killer&typeahead=w
womens sandals,https://www.walmart.com/search?query=womens%20sandals&typeahead=w
white american cheese,https://www.walmart.com/search?query=white%20american%20cheese&typeahead=w
witch hazel,https://www.walmart.com/search?query=witch%20hazel&typeahead=w
whipped topping,https://www.walmart.com/search?query=whipped%20topping&typeahead=w
wraps,https://www.walmart.com/search?query=wraps&typeahead=w
whole grain bread,https://www.walmart.com/search?query=whole%20grain%20bread&typeahead=w
white chocolate chips,https://www.walmart.com/search?query=white%20chocolate%20chips&typeahead=w
xbox series x,https://www.walmart.com/search?query=xbox%20series%20x&typeahead=x
xbox controller,https://www.walmart.com/search?query=xbox%20controller&typeahead=x
xbox series s,https://www.walmart.com/search?query=xbox%20series%20s&typeahead=x
xbox,https://www.walmart.com/search?query=xbox&typeahead=x
xyzal,https://www.walmart.com/search?query=xyzal&typeahead=x
xbox one controller,https://www.walmart.com/search?query=xbox%20one%20controller&typeahead=x
xtra laundry detergent,https://www.walmart.com/search?query=xtra%20laundry%20detergent&typeahead=x
xbox headset,https://www.walmart.com/search?query=xbox%20headset&typeahead=x
xbox one,https://www.walmart.com/search?query=xbox%20one&typeahead=x
xtreme wellness tortillas,https://www.walmart.com/search?query=xtreme%20wellness%20tortillas&typeahead=x
xanthan gum,https://www.walmart.com/search?query=xanthan%20gum&typeahead=x
xbox gift card,https://www.walmart.com/search?query=xbox%20gift%20card&typeahead=x
gas x,https://www.walmart.com/search?query=gas%20x&typeahead=x
xbox series x controller,https://www.walmart.com/search?query=xbox%20series%20x%20controller&typeahead=x
xbox one games,https://www.walmart.com/search?query=xbox%20one%20games&typeahead=x
xyzal allergy 24hr tablets,https://www.walmart.com/search?query=xyzal%20allergy%2024hr%20tablets&typeahead=x
xl twin sheets,https://www.walmart.com/search?query=xl%20twin%20sheets&typeahead=x
xbox series s controller,https://www.walmart.com/search?query=xbox%20series%20s%20controller&typeahead=x
xbox games,https://www.walmart.com/search?query=xbox%20games&typeahead=x
xbox controller wireless,https://www.walmart.com/search?query=xbox%20controller%20wireless&typeahead=x
xbox elite controller 2,https://www.walmart.com/search?query=xbox%20elite%20controller%202&typeahead=x
xbox 360 controller,https://www.walmart.com/search?query=xbox%20360%20controller&typeahead=x
air filters 20 x 20 x 1,https://www.walmart.com/search?query=air%20filters%2020%20x%2020%20x%201&typeahead=x
xbox wireless headset,https://www.walmart.com/search?query=xbox%20wireless%20headset&typeahead=x
germ x,https://www.walmart.com/search?query=germ%20x&typeahead=x
xbox series x games,https://www.walmart.com/search?query=xbox%20series%20x%20games&typeahead=x
iphone xr,https://www.walmart.com/search?query=iphone%20xr&typeahead=x
xxtra flamin hot cheetos,https://www.walmart.com/search?query=xxtra%20flamin%20hot%20cheetos&typeahead=x
xtreme gel,https://www.walmart.com/search?query=xtreme%20gel&typeahead=x
xbox 360 games,https://www.walmart.com/search?query=xbox%20360%20games&typeahead=x
xbox game pass,https://www.walmart.com/search?query=xbox%20game%20pass&typeahead=x
xtra,https://www.walmart.com/search?query=xtra&typeahead=x
arrid xx deodorant,https://www.walmart.com/search?query=arrid%20xx%20deodorant&typeahead=x
rid x,https://www.walmart.com/search?query=rid%20x&typeahead=x
xbox 360,https://www.walmart.com/search?query=xbox%20360&typeahead=x
xl dog crate,https://www.walmart.com/search?query=xl%20dog%20crate&typeahead=x
xacto knife,https://www.walmart.com/search?query=xacto%20knife&typeahead=x
xbox console,https://www.walmart.com/search?query=xbox%20console&typeahead=x
printer paper 8.5 x 11,https://www.walmart.com/search?query=printer%20paper%208.5%20x%2011&typeahead=x
xyzal children,https://www.walmart.com/search?query=xyzal%20children&typeahead=x
xylitol,https://www.walmart.com/search?query=xylitol&typeahead=x
xbox power cord,https://www.walmart.com/search?query=xbox%20power%20cord&typeahead=x
xbox series s storage expansion,https://www.walmart.com/search?query=xbox%20series%20s%20storage%20expansion&typeahead=x
xbox one x,https://www.walmart.com/search?query=xbox%20one%20x&typeahead=x
xtool,https://www.walmart.com/search?query=xtool&typeahead=x
zucchini,https://www.walmart.com/search?query=zucchini&typeahead=z
ziploc bags,https://www.walmart.com/search?query=ziploc%20bags&typeahead=z
zero sugar soda,https://www.walmart.com/search?query=zero%20sugar%20soda&typeahead=z
zevo flying insect trap,https://www.walmart.com/search?query=zevo%20flying%20insect%20trap&typeahead=z
zevo,https://www.walmart.com/search?query=zevo&typeahead=z
coke zero,https://www.walmart.com/search?query=coke%20zero&typeahead=z
zyrtec,https://www.walmart.com/search?query=zyrtec&typeahead=z
zucchini squash,https://www.walmart.com/search?query=zucchini%20squash&typeahead=z
gatorade zero,https://www.walmart.com/search?query=gatorade%20zero&typeahead=z
zebra cakes,https://www.walmart.com/search?query=zebra%20cakes&typeahead=z
ziploc sandwich bags,https://www.walmart.com/search?query=ziploc%20sandwich%20bags&typeahead=z
zip ties,https://www.walmart.com/search?query=zip%20ties&typeahead=z
zesty italian salad dressing,https://www.walmart.com/search?query=zesty%20italian%20salad%20dressing&typeahead=z
ziploc freezer bags,https://www.walmart.com/search?query=ziploc%20freezer%20bags&typeahead=z
zatarains rice,https://www.walmart.com/search?query=zatarains%20rice&typeahead=z
zero carb tortilla,https://www.walmart.com/search?query=zero%20carb%20tortilla&typeahead=z
sprite zero,https://www.walmart.com/search?query=sprite%20zero&typeahead=z
zevo refills,https://www.walmart.com/search?query=zevo%20refills&typeahead=z
zero sugar,https://www.walmart.com/search?query=zero%20sugar&typeahead=z
oikos triple zero yogurt,https://www.walmart.com/search?query=oikos%20triple%20zero%20yogurt&typeahead=z
zinc,https://www.walmart.com/search?query=zinc&typeahead=z
zephyrhills water,https://www.walmart.com/search?query=zephyrhills%20water&typeahead=z
ziti,https://www.walmart.com/search?query=ziti&typeahead=z
zero sugar juice,https://www.walmart.com/search?query=zero%20sugar%20juice&typeahead=z
zyrtec allergy,https://www.walmart.com/search?query=zyrtec%20allergy&typeahead=z
dr pepper zero,https://www.walmart.com/search?query=dr%20pepper%20zero&typeahead=z
gallon ziploc bags,https://www.walmart.com/search?query=gallon%20ziploc%20bags&typeahead=z
zatarains frozen,https://www.walmart.com/search?query=zatarains%20frozen&typeahead=z
pepsi zero,https://www.walmart.com/search?query=pepsi%20zero&typeahead=z
zevia,https://www.walmart.com/search?query=zevia&typeahead=z
ziploc,https://www.walmart.com/search?query=ziploc&typeahead=z
zero sugar creamer,https://www.walmart.com/search?query=zero%20sugar%20creamer&typeahead=z
zevo bug spray,https://www.walmart.com/search?query=zevo%20bug%20spray&typeahead=z
zzzquil,https://www.walmart.com/search?query=zzzquil&typeahead=z
powerade zero,https://www.walmart.com/search?query=powerade%20zero&typeahead=z
ziplocks,https://www.walmart.com/search?query=ziplocks&typeahead=z
zucchini noodles,https://www.walmart.com/search?query=zucchini%20noodles&typeahead=z
zatarain's,https://www.walmart.com/search?query=zatarain%27s&typeahead=z
z bars kids,https://www.walmart.com/search?query=z%20bars%20kids&typeahead=z
ziti pasta,https://www.walmart.com/search?query=ziti%20pasta&typeahead=z
zero gravity chair,https://www.walmart.com/search?query=zero%20gravity%20chair&typeahead=z
zero soda,https://www.walmart.com/search?query=zero%20soda&typeahead=z
zote,https://www.walmart.com/search?query=zote&typeahead=z
zero sugar lemonade,https://www.walmart.com/search?query=zero%20sugar%20lemonade&typeahead=z
zyrtec kids,https://www.walmart.com/search?query=zyrtec%20kids&typeahead=z
zbar,https://www.walmart.com/search?query=zbar&typeahead=z
zero sugar yogurt,https://www.walmart.com/search?query=zero%20sugar%20yogurt&typeahead=z
zatarains blackened chicken alfredo,https://www.walmart.com/search?query=zatarains%20blackened%20chicken%20alfredo&typeahead=z
zucchini fresh,https://www.walmart.com/search?query=zucchini%20fresh&typeahead=z
ziplocks bag 1 gallon,https://www.walmart.com/search?query=ziplocks%20bag%201%20gallon&typeahead=z
