id,type,name,brand,averageRating,manufacturerName,shortDescription,thumbnailUrl,price,currencyUnit,url
3MHCMTDZ8OB5,Beef,"Great Value Beef Burgers, 80% Lean/20% Fat, 3 lbs, 12 Count (Frozen)",Great Value,,,"Great Value 80% Lean/20% Fat Beef Burgers are ready to cook any time you are. These juicy burgers cook from frozen on your grill, pan, electric skillet, or broiler. This reclosable bag contains twelve individually quick-frozen beef patties so you can feed the whole crew at your next backyard cookout. Try these delicious burgers on your favorite bun or wrap in lettuce for a high-protein, low-carb indulgence. Everyone loves a hot, juicy burger piled high with lettuce, tomatoes, onions, and pickles. Or you can serve these burgers open-face style, topped with mushrooms and grilled onions for a tasty twist. For a delicious dinner solution any night of the week, try these Great Value 80% Lean/20% Fat Beef Burgers.Great Value products provide families with affordable, high-quality grocery and household consumable options. With our wide range of product categories spanning grocery and household consumables, we offer you a variety of products for your family's needs. Our products are conveniently available online and in Walmart stores nationwide, allowing you to stock up and save money at the same time. Gluten-Free.",https://i5.walmartimages.com/asr/dc145bb1-2d18-4aa2-b18d-3eb595a82011_4.1f7202065508ac87ee1f8022968bf1dc.jpeg,13.32,USD,https://www.walmart.com/ip/Great-Value-Beef-Burgers-80-Lean-20-Fat-3-lbs-12-Count-Frozen/10315960
3HQ915UL4WW3,Juices,"Welch's Concord Grape Fruit Juice Drink, 59 fl oz carton",Welch's,4.2,,"<p>Welch&#39;s Refrigerated Concord Grape Fruit Juice Drink is bursting with the rich, bold flavor of Welch&#39;s Concord grapes. You can trust the goodness of Welch&#39;s: There&#39;s 20% Daily Value of Vitamin C per serving, with no artificial flavors or preservatives. And you can feel great about buying Welch&#39;s, because we&#39;re owned by family farmers who have been farming their land for as many as seven generations. This is a single 59 fl. oz. carton of refrigerated juice.</p>",https://i5.walmartimages.com/asr/5fce5161-5aac-4cc6-a1ba-926ff5030027.5d4c9242dada770091fe5c44e48bf29f.png,2,USD,https://www.walmart.com/ip/Welch-s-Concord-Grape-Fruit-Juice-Drink-59-fl-oz-carton/21905154
3LRIGEIVAHZP,Canned & Jarred Vegetables,"Butter Kernel Cut Green Beans, 14.5 oz, Can",Butter Kernel,5,,"Butter Kernel Cut Green Beans are picked at peak flavor and canned within hours to lock in nutrients. A trusted brand, Butter Kernel Beans provide premium quality and can be enjoyed year round.",https://i5.walmartimages.com/asr/8459fbe2-4610-4818-912e-7fef1dba0438.b2485afe458b0f9c38358556b239d019.jpeg,1.98,USD,https://www.walmart.com/ip/Butter-Kernel-Cut-Green-Beans-14-5-oz-Can/10293122
61ERIKH7NP3B,Canned & Jarred Vegetables,"Allens Canned Cut Italian Green Beans, 14.5 oz",The Allens,4.9,,"Allens Italian Green Beans are Kentucky wonder style flat beans that are meticulously harvested at peak freshness and then immediately packed to retain all the natural flavor and valuable nutrients. Season these canned green beans to your liking to create easy Southern flair all your own. Ready to heat and eat, farm fresh flat green beans make a delicious side dish without spending lots of precious time in the kitchen. No washing, trimming or cooking required. Canned Italian green beans are the perfect accompaniment to a traditional Southern dinner and are an ideal ingredient in your favorite casseroles, soups and stews. This can of green beans is cholesterol free, saturated fat free and naturally gluten free, appealing to a variety of dietary preferences. Allens canned vegetables help bring authentic Southern flair and treasured memories right to your dinner table.",https://i5.walmartimages.com/asr/46d189b7-33f4-4bab-917c-c0d920e73760.1be9c6bd33b286a0f8d055f688f9c066.png,3.69,USD,https://www.walmart.com/ip/Allens-Canned-Cut-Italian-Green-Beans-14-5-oz/10312198
5YH6900KWYCJ,Turkey,"Sunnyvalley Smoked Turkey Necks, Fresh, Fully Cooked, 1-2 Pound. Tray Pack. Gluten Free.",Sunnyvalley,,,"Sunnyvalley Smoked Turkey Necks are a fresh, fully cooked, high protein option to add to your next meal. This 1 to 2 pound product contrails 17 grams of protein per serving. With no added preservatives, it's also  gluten free with no MSG added. Vacuum sealed and packaged in plastic.",https://i5.walmartimages.com/asr/f8323fd2-9d3b-48f5-a975-11044b15a5d6_1.c1bd7b3ed8be424de2c7408c04d7d0ef.jpeg,5.27,USD,https://www.walmart.com/ip/Sunnyvalley-Smoked-Turkey-Necks-Fresh-Fully-Cooked-1-2-Pound-Tray-Pack-Gluten-Free/197380608
7JRPN094GDY9,Single Herbs & Spices,"Iberia Chopped Garlic in Oil, 32 oz",Iberia,,,"<p>Use Iberia Chopped Garlic in Oil as a healthy taste enhancer for all your beef, chicken, pork, and fish dishes.*NEW_LINE*</p>",https://i5.walmartimages.com/asr/638b28db-4257-413b-8816-3d49aa24de22_1.d9c8ff7d06c55c0c50fd325fcc43f4aa.jpeg,3.98,USD,https://www.walmart.com/ip/Iberia-Chopped-Garlic-in-Oil-32-oz/35771744
5J6MJ8Q8KAE8,Breakfast Bars & Cereal Bars,"Great Value Chewy Granola Bars Variety Pack, Value Pack, 0.84 oz, 24 Count",Great Value,4.3,,"<p>Chewy Granola Bars Variety Pack<br /><br />Snack responsibly with our Great Value Chewy Variety Pack Granola Bars Value Pack. You will find a total of 24 granola bars of three different varieties in each box, giving you plenty to share. Pick between peanut butter and chocolate chip, chocolate chunk, or s'mores flavors with confidence that each bar contains just 100 calories or less. This box is a great option to keep in your home or office or to bring along to your child's sporting event to share treats with the whole team. Curb your mid-meal cravings with the crowd-pleasing goodness of our Great Value Chewy Variety Pack Granola Bars Value Pack!<br /><br />Great Value products provide families with affordable, high quality grocery and household consumable options. With our wide range of product categories spanning grocery and household consumables, we offer you a variety of products for your family's needs. Our products are conveniently available online and in Walmart stores nationwide, allowing you to stock up and save money at the same time.</p>",https://i5.walmartimages.com/asr/b3175c5d-4dec-475f-ad50-6654c901ceda.3ec4638ea2e05f96c612f8eec2c7843e.jpeg,3.84,USD,https://www.walmart.com/ip/Great-Value-Chewy-Granola-Bars-Variety-Pack-Value-Pack-0-84-oz-24-Count/39127386
1APE4AONGSUP,Snack Bars,"Sunbelt Bakery Chocolate Chip Chewy Granola Bars, 10 Bars, 11.26 oz",Sunbelt Bakery,4.3,,"Chocolate lovers rejoice! We’ve added the taste of fudge to our already
delicious Chocolate Chip Granola Bar.",https://i5.walmartimages.com/asr/b7aa644a-5c6f-4716-89d8-d85869903973.cc6466fd5b79279c49b30c05e4fe8d4e.jpeg,6.98,USD,https://www.walmart.com/ip/Sunbelt-Bakery-Chocolate-Chip-Chewy-Granola-Bars-10-Bars-11-26-oz/21656754
4ZL97TK0IM2F,Snack Crackers,"Kinnikinnick Graham Style Crackers, 8 Oz",Kinnikinnick Foods,4.3,,"Water, White Rice Flour, Potato Starch, Tapioca Starch, Fructose, Non Hydrogenated Palm Oil Shortening palm oil, modified palm oil, Egg Whites, Cellulose Powder, Tapioca Syrup, Psyllium fiber, Cellulose, Yeast, Glycerin, Salt, Pure Vanilla Extract, Enzymes, Icing sugar, corn starch, water, glucose, xanthan gum, sodium citrate, natural flavor, salt, locust bean gum, natural color titanium dioxide, citric acid.",https://i5.walmartimages.com/asr/68389ac6-6072-4e56-895d-140c9eae249b.03b212a45bd3e579665abd3c3378a4f7.jpeg,24.73,USD,https://www.walmart.com/ip/Kinnikinnick-Graham-Style-Crackers-8-Oz/25526432
3CNCS7315PDU,Snack Crackers,"Kellogg's Grahams Original Crackers, 15 oz",Grahams,4,,"Put the ""aha"" in fun, snack-time possibilities with Kellogg's Original Graham Crackers. Includes 1, 15-ounce box of Graham Crackers ready to dip, top or enjoy right out of the box. Made with delicious ingredients like graham flour and the perfect hint of molasses, each cracker contains no high fructose corn syrup, no artificial colors or flavors, and no cholesterol (1g polyunsaturated fat, 2g monounsaturated fat). Pair with favorite ingredients such as peanut butter, frosting or a glass of milk; Add marshmallows and chocolate for a tasty campfire treat. Pack some in a snack bag, backpack or lunch box for a crispy on-the-go delight. Or crush some up for your favorite graham cracker pie crust or cookie bar recipes. However and wherever you enjoy them, Kellogg's Original Graham Crackers are a classic taste to please the whole family.",https://i5.walmartimages.com/asr/9bce1c35-0537-4de1-b124-b31d882ebd3e.302d510344379f6f70c16fb47adf88e0.jpeg,10,USD,https://www.walmart.com/ip/Kellogg-s-Grahams-Original-Crackers-15-oz/11045779
3EULSQ18BHBO,Snack Crackers,"Keebler, Honey Graham Crackers, 0.49 oz. (200 Count)",Keebler,3.7,,"Enjoy the crispy texture and sweet honey flavor of these graham crackers, a terrific snack for any time of day. Low in saturated fat. Good source of calcium. No cholesterol.Keebler Honey Grahams, 200ct. Sold as 200/Carton.",https://i5.walmartimages.com/asr/6e3867ef-ead4-4aeb-9257-f2abcb637b99.48acaf48a233d5596f0053856fe178a8.jpeg,47.11,USD,https://www.walmart.com/ip/Keebler-Honey-Graham-Crackers-0-49-oz-200-Count/451655341
269VKSFO1WNA,Snack Crackers,"Nabisco Honey Maid Honey Graham Crackers (14.4 oz., 4 pk.)",Nabisco,,,Nabisco,https://i5.walmartimages.com/asr/dd5732ba-8b58-4bd6-9a6e-d59cb77ca6c7.c4819cea536d166e7c5dfd019701cfd6.jpeg,24.7,USD,https://www.walmart.com/ip/Nabisco-Honey-Maid-Honey-Graham-Crackers-14-4-oz-4-pk/311386569
2CWVWTN56M1O,Snack Crackers,Scooby Whole Grain Graham Crackers & Fruit Snack Made With Real Fruit Combo Value Pack Of 24 | Pack,,,,"<p>Thank you for your custom.Customer care is our top priority.</p><p>Offer is subject to availability.We promise you won't regret buying it.</p><p>Another Great Curated Variety Pack From !</p><p>12 Packs Of 1 Oz Scooby Graham Cracker & 12 Packs Of .9 Oz Scooby Fruit Snacks</p><p>Delicious Scooby Shaped Snacks</p><p>Great For School, Work, Home, And Snacking On The Go</p><p>Why Spend Tons Of Money On Cases When You Can Get The Perfect Amount In A Convenient Package</p>",https://i5.walmartimages.com/asr/5dd36fb7-1010-4546-a381-c8f623965163.77a329568de1eeca921c68e9677b6e73.jpeg,37.2,USD,https://www.walmart.com/ip/Scooby-Whole-Grain-Graham-Crackers-Fruit-Snack-Made-With-Real-Fruit-Combo-Value-Pack-Of-24-Pack/1196500592
5K7JCTSW3OTC,Cookies,"OREO Mini, Nutter Butter Bites & Honey Maid Squares Grahams Cookie Variety Pack, 40 Snack Packs",Nabisco,4.8,,"Stock the snack shelf with individually wrapped cookie packs. Nabisco cookie and graham snacks snack packs make convenient after-lunch snacks, office snacks, pantry snacks, and more! This package contains 40 snack-size packs of OREO Mini Cookies, Nutter Butter Peanut Butter Bites and Honey Maid Lil’ Squares Honey Graham Snacks.",https://i5.walmartimages.com/asr/f9dadef0-e6ea-4322-a152-c4dc42cbe6ed.8837712cc157c77f3b548bfd45b7c39e.jpeg,21.78,USD,https://www.walmart.com/ip/OREO-Mini-Nutter-Butter-Bites-Honey-Maid-Squares-Grahams-Cookie-Variety-Pack-40-Snack-Packs/228975480
5NUL0GK6L1U0,Snack Crackers,"(4 Pack) Annie's USDA Organic Honey, Chocolate & Chocolate Chip Graham Crackers, 1 oz, 12 Box",Annie's,,,"<p>In celebration of friendships across the globe, we created organic bunny graham friends. A variety of different flavors go into our box of organic bunny graham friends. Introduce yourself one delicious flavor at a time – honey, chocolate chip, and chocolate – or unite them all in one mouthful! any way you snack 'em, these certified organic bunny snacks are the perfect size for toddler hands, and their crispy crunch satisfies snackers of all ages. </p>",https://i5.walmartimages.com/asr/5885661c-27af-481c-b945-a402fcfff730.9eb527b029d246d6748dce4ce57f4b3e.jpeg,44.93,USD,https://www.walmart.com/ip/4-Pack-Annie-s-USDA-Organic-Honey-Chocolate-Chocolate-Chip-Graham-Crackers-1-oz-12-Box/805441022
432GD6A90IAP,Cookies,"Diamond Bakery Original Hawaiian Graham Crackers, 9.5 Oz.",Diamond Bakery,,,"Crackers, Original Hawaiian, Graham 9.5 oz (269 g) Since 1921. For over 80 years, Diamond Bakery has been making people smile with our onolicious (delicious) crackers and cookies. What makes Diamond Bakery crackers so unique? We only use time-tested recipes, pristine Hawaiian artesian well water, and hand-select each and every cracker we share with the world. To Diamond Bakery enthusiasts, we are comfort food. And though times and tastes may change, the care and aloha baked into our crackers will always remain the same. Sharing heartwarming aloha with the world since 1921. Please visit us at www.diamondbakery.com. Recycled. Contains: wheat, soy, milk. 9.5 oz (269 g) 756 Moowaa Street Honolulu, HI 96817 808-847-3551 2010",https://i5.walmartimages.com/asr/65c4701b-e469-4a64-9a01-2a5a2d6acab9_1.3af63cf1f562b103fd193ebbd4fde537.jpeg,4.48,USD,https://www.walmart.com/ip/Diamond-Bakery-Original-Hawaiian-Graham-Crackers-9-5-Oz/106844045
4ZGVNP0C3DAB,Snack Crackers,"Kelloggs Grahams Crackers, Original, Easy Snacks, 15Oz Box",Keebler,,,"<p>Kelloggs Grahams Crackers, Original, Easy Snacks, 15oz Box</p><p>Brand : keebler</p><p>Manufacturer : KELLOGG CO</p><p></p><p>- Flavor: Original</p> <p>- Brand: Keebler</p> <p>- Allergen Information: Wheat, Soy</p> <p>- Package Information: Box</p> <p>- Diet Type: Kosher</p><p>- Ready to dip, top or crunch straight from the box, delighting kids and adults alike</p><p>- No high fructose corn syrup, artificial colors, flavors, or cholesterol (1g polyunsaturated fat, 2g monounsaturated fat); Contains wheat and soy ingredients; Kosher Dairy</p><p>- Great for anytime snacking; Enjoy with milk, use in dessert recipes, create a campfire treat, or pack in lunchboxes</p><p>- Includes 1, 15-ounce box of convenient, ready to eat crackers; Packaged for freshness and great taste</p><p></p><br /><p>Put the ""aha"" in fun, snack-time possibilities with Kellogg’s Original Graham Crackers. Includes 1, 15-ounce box of Graham Crackers ready to dip, top or enjoy right out of the box. Made with delicious ingredients like graham flour and the perfect hint of molasses, each cracker contains no high fructose corn syrup, no artificial colors or flavors, and no cholesterol (1g polyunsaturated fat, 2g monounsaturated fat). Pair with favorite ingredients such as peanut butter, frosting or a glass of milk; Add marshmallows and chocolate for a tasty campfire treat. Pack some in a snack bag, backpack or lunch box for a crispy on-the-go delight. Or crush some up for your favorite graham cracker pie crust or cookie bar recipes. However and wherever you enjoy them, Kellogg’s Original Graham Crackers are a classic taste to please the whole family.</p>",https://i5.walmartimages.com/asr/64bf42e1-e21e-4aef-a115-7ac4383b0f2d.6c2aaf0a54e27cec467c89411be800af.jpeg,13.99,USD,https://www.walmart.com/ip/Kelloggs-Grahams-Crackers-Original-Easy-Snacks-15Oz-Box/890823711
7IL89XTOZPDS,Cookies,"Diamond Bakery Cinnamon Graham Crackers, 9.5 Oz.",Diamond Bakery,,,"Graham Crackers, Cinnamon 9.5 oz (269 g) Since 1921. Baked fresh in Hawaii. For over 80 years, Diamond Bakery has been making people smile with our onolicious (delicious) crackers and cookies. What makes Diamond Bakery crackers so unique? We only use time-tested recipes, pristine Hawaiian artesian well water and hand-selected each and every cracker we share with the world. To Diamond Bakery enthusiasts, we are comfort food. And though times and tastes may change, the care and aloha baked into our crackers will always remain the same. Sharing heartwarming aloha with the world since 1921. Please visit us at www.diamondbakery.com. Recycled. Contains: wheat, soy, milk. 9.5 oz (269 g) 756 Moowaa Street Honolulu, HI 96817 808-847-3551 2010",https://i5.walmartimages.com/asr/36f2f201-9dcf-49d2-b70e-cfa5e9d47894_1.77c54f2ad1272580e90381921a65bac8.jpeg,4.48,USD,https://www.walmart.com/ip/Diamond-Bakery-Cinnamon-Graham-Crackers-9-5-Oz/135108059
55C24KDIW39C,Snack Crackers,"Nabisco Honey Maid Honey Graham Crackers (14.4 Ounce, 4 Pack)",Nabisco,4.6,,"Nabisco Honey Maid Honey Graham Crackers (14.4 Ounce, 4 Pack) Nabisco Honey Maid Honey Graham Crackers contain whole grain and real honey. You can eat them on their own or add them to a recipe for a delicious and wholesome treat.",https://i5.walmartimages.com/asr/97bcfcc8-a377-47ad-bd3d-e1ecf603e61e.45e19fc21e01226e3902b3c2328d0b0d.jpeg,19.84,USD,https://www.walmart.com/ip/Nabisco-Honey-Maid-Honey-Graham-Crackers-14-4-Ounce-4-Pack/193804285
5ZTHG477DKLO,Snack Crackers,Honey Maid Graham Crackers,Nabisco,4.6,,"Honey Maid Graham Crackers are made with real honey and contain no high-fructose corn syrup, saturated fat, or cholesterol. Perfect on their own, Honey Maid Graham Crackers are also delicious when paired with fruit and spreads, crumbled on ice cream, or added to recipes. Ideal for the home, office, or travel, each box contains three individually sealed sleeves of graham crackers to lock in freshness and great taste.",https://i5.walmartimages.com/asr/00128c34-baa4-4045-990a-adeff6e75a17_1.f640ec89176732d84066b9780b69e5ac.jpeg,12.7,USD,https://www.walmart.com/ip/Honey-Maid-Graham-Crackers/264846195
28PCAWYYYN2X,Snack Crackers,"Happy Belly Honey Graham Crackers, 14.4 Ounce",Happy Belly,,,"Happy Belly Graham Crackers are a perfect addition to fruit and spreads, crumbled on ice cream, or added to recipes. Made with whole grains and contains no high-fructose corn syrup, saturated fat, or cholesterol",https://i5.walmartimages.com/asr/404fa725-443c-4376-8174-52fa044d59df.a2ec1766b7b0fad38ba75bfab5507ae6.jpeg,13.18,USD,https://www.walmart.com/ip/Happy-Belly-Honey-Graham-Crackers-14-4-Ounce/896411106
3F360FGLIK83,Cookies,"Nabisco Honey Maid Honey Graham Crackers (14.4 oz., 4 pk.)",Nabisco,4.8,,"Description
Nabisco Honey Maid Honey Graham Crackers contain whole grain and real honey. You can eat them on their own or add them to a recipe for a delicious and wholesome treat.

Specifications
4 - 14.4 oz. boxes
Kosher dairy
Box dimensions: 8.023""H x 10.559""W x 5.289""D
Assembled Country
USA

Component Country
USA",https://i5.walmartimages.com/asr/de13e4ac-f0e7-41d2-a535-68020bd5b73d_1.8fd34fbf04443e5fcb404ac88df7ea1e.jpeg,20,USD,https://www.walmart.com/ip/Nabisco-Honey-Maid-Honey-Graham-Crackers-14-4-oz-4-pk/173184129
0VIG43RHGF61,Snack Crackers,"Honey Maid Honey Graham Crackers, 4 pk./14.4 oz.",Nabisco Honey,4.2,,"Honey Maid Honey Graham Crackers are made with real honey for just the right amount of sweetness to keep you happy. Each bite of these honey grahams delivers a satisfying crunch. Each serving of eight crackers contains 8 grams of whole grain and no high fructose corn syrup, saturated fat, or cholesterol for a crunchy, wholesome snack choice. These tasty snacks are ideal for the home, school, or travel. Keep this graham cracker snack in your desk for an afternoon treat, or tuck a portion of the bulk snacks into a lunchbox for quick packing. And whether you’re camping or enjoying a fire in the backyard, these snack crackers stack perfectly with chocolate and marshmallows for yummy s'mores. You can also use them in place of bread to make a crunchy version of a peanut butter and jelly sandwich or spread chocolate filling between two squares for an indulgent treat. A number of desserts can be prepared with Honey Maid Graham Crackers. Place ice cream between two crackers for a tasty frozen sandwich. You can also make an easy pie crust with these honey graham crackers. When you buy graham crackers in bulk, you always have the perfect snack or recipe ingredient on hand. For nearly 90 years, Honey Maid has been a wholesome part of snack time. No matter how things change, what makes Honey Maid wholesome never will.",https://i5.walmartimages.com/asr/1f6542ac-3d42-4b45-89f0-06ded617d8a7.c49e3e802debd1510ebead85520fa1e5.jpeg,25,USD,https://www.walmart.com/ip/Honey-Maid-Honey-Graham-Crackers-4-pk-14-4-oz/742259309
652I8FLGTK92,Cookies,"Nabisco Pokemon Graham Snacks, Graham Cracker Snack Cookies, 12 Snack Packs",Nabisco,4.7,,"Pokemon Graham Snacks add a fun twist to sweet snacks. Made with real honey, these Pokemon cookies are perfectly poppable and have a sweet and familiar flavor that’s sure to remind you of another childhood classic: graham crackers! Round, bite-sized graham cracker snack cookies feature a variety of shapes inspired by iconic Pokemon characters to make your little Pokemon fan happy. These kosher cookies are Non-GMO Project Verified and offer a good source of calcium. Grab a cookie snack pack as an after school snack or pack a bag for school lunches or on the go snacking. These bulk cookies also make a fun option as snacks or party favors for a Pokemon-themed birthday party. Sealed individual bags in this 12 count cookie snack pack keep the snacks fresh until you're ready to enjoy them.",https://i5.walmartimages.com/asr/1c67ab5c-c93f-4971-bab8-44c509f1545c.ee85626d89884664740b3f29192c977a.jpeg,6.74,USD,https://www.walmart.com/ip/Nabisco-Pokemon-Graham-Snacks-Graham-Cracker-Snack-Cookies-12-Snack-Packs/432126712
2PNPYJQ3DCCN,Snack Crackers,"Kodiak Protein Cinnamon Graham Cracker Bear Bites, 9 oz",KODIAK,4.1,,"<h2>Snack Adventurously</h2><p>Kodiak Cinnamon Bear Bites are meant for those who require nutrition, energy, and great taste as they take on any adventure. These graham cracker bites are crafted with 100% whole grains, cinnamon, and 5 grams of protein per serving. A snack for all ages, these cinnamon graham crackers are the perfect fuel for your next adventure, from back-to-back meetings to wrangling the cubs for school.</p>",https://i5.walmartimages.com/asr/3f06c2f1-759b-42f8-9d35-8a459b4da7ba.1d7c058f9cedfd0b7810d01961ceb743.jpeg,5.38,USD,https://www.walmart.com/ip/Kodiak-Protein-Cinnamon-Graham-Cracker-Bear-Bites-9-oz/759524185
3UAUFKGFL49G,Snack Crackers,"Kodiak Protein Chocolate Graham Cracker Bear Bites, 9 oz",KODIAK,3.9,,"<h2>Snack Adventurously</h2><p>Kodiak Chocolate Bear Bites are meant for those who require nutrition, energy, and great taste as they take on any adventure. These graham cracker bites are crafted with 100% whole grains, semisweet chocolate, and 5 grams of protein per serving. A snack for all ages, these chocolate graham crackers are the perfect fuel for your next adventure, from back-to-back meetings to wrangling the cubs for school.</p>",https://i5.walmartimages.com/asr/9bbb7cfa-442e-452e-85e5-78c9d4b75bdb.dbf33e937f1e4d95be0590c31336ff77.jpeg,5.38,USD,https://www.walmart.com/ip/Kodiak-Protein-Chocolate-Graham-Cracker-Bear-Bites-9-oz/715176400
0TSRQHFL3AYP,Snack Crackers,"Schar Gluten Free Honeygrams, Honey Cookies, 5.6 oz, 3 Count",Schar,4.5,,"<h2>Don't miss out on S'mores with Schar Gluten-Free Honeygrams!</h2><p>Pack Schar Honeygrams for your next outdoor adventure for the perfect campfire treat - just don't forget the chocolate bars and marshmallows! It's hard to believe Schar Honey Gram Cookies are Certified Gluten-Free. These gluten-free honey crackers are the perfect gluten-free vessel for S'mores or the perfect snack on their own. Baked with real honey, Schar Gluten-Free Honey Cookies are a gluten-free S'mores lover's dream come true. Our recipe is free of gluten, wheat, lactose, preservatives, and GMOs.</p>",https://i5.walmartimages.com/asr/e24c0f04-19e8-484f-aaa9-81d42a69c41e.768f153ed89c43f102cfe7da5cf6f189.jpeg,3.78,USD,https://www.walmart.com/ip/Schar-Gluten-Free-Honeygrams-Honey-Cookies-5-6-oz-3-Count/33329963
6RZF20QF2UW1,Snack Crackers,"Kodiak Protein Honey Graham Cracker Bear Bites, 9 oz",KODIAK,2.9,,"<h2>Snack Adventurously</h2><p>Kodiak Honey Bear Bites are meant for those who require nutrition, energy, and great taste as they take on any adventure. These graham cracker bites are crafted with 100% whole grains, honey, and 5 grams of protein per serving. A snack for all ages, these honey graham crackers are the perfect fuel for your next adventure, from back-to-back meetings to wrangling the cubs for school.</p>",https://i5.walmartimages.com/asr/3864c871-b521-4a35-98cd-58c5cdb579de.85711f81c41e21cb5c39990bf99ccfa4.jpeg,5.38,USD,https://www.walmart.com/ip/Kodiak-Protein-Honey-Graham-Cracker-Bear-Bites-9-oz/233722084
6BWE2Q85G9IB,Cookies,"Nabisco Grahams Original Graham Crackers, 14.4 oz",Nabisco,4.3,,"Nabisco Original Grahams offer just the right amount of sweetness to keep you happy. These square grahams are lightly sweet snacks, and each bite delivers a satisfying crunch. Each serving of eight crackers contains 8 grams of whole grain. Keep these graham crackers in your desk for an afternoon treat, or tuck some into a lunchbox for quick packing. And whether you’re camping or enjoying a fire in the backyard, these snack crackers stack perfectly with chocolate and marshmallows for yummy s'mores.",https://i5.walmartimages.com/asr/8b8bb0b4-84b2-4b5e-a88c-28ee60286621.67f8b87d7e3a37687dc94ff70f379270.jpeg,4.68,USD,https://www.walmart.com/ip/Nabisco-Grahams-Original-Graham-Crackers-14-4-oz/10292704
6WVT6XC594YP,Snack Crackers,"Honey Maid Cinnamon Graham Crackers, 14.4 oz Family Size Box",HONEY MAID,4,,"Honey Maid Cinnamon Graham Crackers are made with real cinnamon for just the right amount of sweetness to keep you smiling. These square cinnamon crackers are ideally sized for packing in lunchboxes or tucking into a picnic basket. Each serving of eight sweet crackers contains 8 grams of whole grain and no high fructose corn syrup. Keep these cinnamon graham crackers in your desk for an afternoon snack, or surprise your little one with a special after-school treat. Sweet cinnamon flavor makes these snack crackers delicious on their own or paired with a dip. These graham crackers make a great alternative to gingerbread for holiday houses.",https://i5.walmartimages.com/asr/e33822a0-345e-4d50-937f-0d5d44101857.8073ba883548c6d10179463b437e86c3.jpeg,4.68,USD,https://www.walmart.com/ip/Honey-Maid-Cinnamon-Graham-Crackers-14-4-oz-Family-Size-Box/10292698
6PS7IDNE7PM0,Snack Crackers,"Honey Maid Fresh Stacks Graham Crackers, Mothers Day Baking, 1 Box of 6 Stacks",HONEY MAID,4.6,,"Honey Maid Fresh Stacks Graham Crackers are delicious snacks, conveniently packaged in small stacks for maximum freshness and easy packing. Made with real honey, these cracker snacks have just the right amount of sweetness to keep you happy. These square honey grahams are a great size, and they stack deliciously with chocolate and marshmallows for campfire s'mores or fun party snacks for kids and adults. Keep these honey graham crackers in your desk for an afternoon snack, or pack some in a lunchbox for a quick treat on the go. Designed for freshness and simple storage, each box has six individual fresh stacks.",https://i5.walmartimages.com/asr/e9097067-d85d-4181-b21d-95850e8f99a6.53a5990b7e2762edfc9bb34a4f335a5a.jpeg,4.68,USD,https://www.walmart.com/ip/Honey-Maid-Fresh-Stacks-Graham-Crackers-Mothers-Day-Baking-1-Box-of-6-Stacks/16935655
4OENSPG5HK6A,Snack Crackers,"Honey Maid Honey Graham Crackers, Family Size, 25.6 oz Box",HONEY MAID,4.5,,"Honey Maid Honey Graham Crackers are made with real honey for just the right amount of sweetness to keep you smiling. These square honey grahams are slightly sweet, and each bite of these whole grain snacks delivers a satisfying crunch. Each serving of eight crackers contains 8 grams of whole grain and no high fructose corn syrup. Keep these honey graham crackers in your desk for an afternoon treat or serve these party crackers as an easy dessert. And whether you’re camping or enjoying a fire in the backyard, these snack crackers pair deliciously with chocolate and marshmallows for yummy s'mores. These graham crackers are also a great alternative to gingerbread for making holiday houses. Family size boxes of bulk snacks give you plenty of sweet crackers to share.",https://i5.walmartimages.com/seo/Honey-Maid-Honey-Graham-Crackers-Family-Size-25-6-oz-Box_eb65388b-2cf3-453a-85f1-9a7208bf8151.7dd8231a4efb2693002d49118dd9b532.jpeg,5.84,USD,https://www.walmart.com/ip/Honey-Maid-Honey-Graham-Crackers-Family-Size-25-6-oz-Box/188357052
6VV8KGDFOC1X,Cookies,"Great Value Cinnamon Graham Crackers, 14.4 oz",Great Value,4.2,,"<p>Great Value Cinnamon Graham Crackers are a classic snack that will delight the whole family. Our delicious, naturally flavored graham crackers are made with whole grains and real cinnamon, making them a nutritious snack for children and adults. Pair them with chocolate and fire-roasted marshmallows for a scrumptious cinnamon s'mores experience or smear a generous helping of peanut butter on top and enjoy as a simple snack. This box comes with three individually wrapped packs of crackers to preserve freshness and make portioning simple. Enjoy the wholesome graham flavor and cinnamon spice of Great Value Cinnamon Graham Crackers.</p><p>Great Value products provide families with affordable, high quality grocery and household consumable options. With our wide range of product categories spanning grocery and household consumables, we offer you a variety of products for your family's needs. Our products are conveniently available online and in Walmart stores nationwide, allowing you to stock up and save money at the same time.</p>",https://i5.walmartimages.com/asr/5351e62a-0a22-41ac-97ca-0f3dd64b6ae5.33a485489754f0b079722fabbdc6794d.jpeg,2.33,USD,https://www.walmart.com/ip/Great-Value-Cinnamon-Graham-Crackers-14-4-oz/10315533
0UIX6LQRB9RY,Cookies,"Great Value Honey Graham Crackers, 14.4 oz",Great Value,4.2,,"<p>Enjoy the deliciously sweet taste of Great Value Honey Graham Crackers. Made with real honey, our graham crackers are delicious on their own, and the perfect vehicle for tasty s'mores, jams and preserves, peanut butter, or a schmear of chocolate hazelnut spread. With a crunchy and sweet honey taste from your childhood, these graham crackers are enjoyed by the young and the young at heart. Little ones will love these in school lunches or as an after-school snack. The graham cracker squares are lightly perforated, which makes snapping into smaller portions a cinch. This makes them an ideal option for little hands, as appetizer-style bites, or as a sweet and crunchy garnish for ice cream sundaes. Get creative by crumbling up full sheets of our graham crackers for pie crusts for cheesecake and key lime pie. Each box comes with three sleeves of crackers, making them a great choice for large parties and gatherings. Great Value Honey Graham Crackers are a delightful treat for any time of day.</p><p>Great Value products provide families with affordable, high quality grocery and household consumable options. With our wide range of product categories spanning grocery and household consumables, we offer you a variety of products for your family's needs. Our products are conveniently available online and in Walmart stores nationwide, allowing you to stock up and save money at the same time.</p>",https://i5.walmartimages.com/asr/3b141949-e8f4-451f-a142-265a01494c36.6c2c63e18c65f7d7e21eaa58c050a25a.jpeg,2.33,USD,https://www.walmart.com/ip/Great-Value-Honey-Graham-Crackers-14-4-oz/10315952
66GB940CA5R5,Snack Crackers,"Honey Maid Honey Graham Crackers, 14.4 oz",HONEY MAID,4.5,,"Honey Maid Honey Graham Crackers are made with real honey for just the right amount of sweetness to keep you happy. These square honey grahams are lightly sweet, and each bite delivers a satisfying crunch. Each serving of eight crackers contains 8 grams of whole grain and no high fructose corn syrup. Keep these honey graham crackers in your desk for an afternoon treat, or tuck some into a lunchbox for quick packing. And whether you’re camping or enjoying a fire in the backyard, these snack crackers stack perfectly with chocolate and marshmallows for yummy s'mores.",https://i5.walmartimages.com/asr/91e59a4d-c500-4766-bd25-e6f3040c060e.8d91403940bb7b36426967d36010495a.jpeg,4.68,USD,https://www.walmart.com/ip/Honey-Maid-Honey-Graham-Crackers-14-4-oz/10292699
56RCAZ1236AC,Snack Bars,Quaker Chewy S'mores 8ct,Quaker,4.6,,"You'll be the hero of your household when your kids find Quaker Chewy in the pantry! With 100% whole grains and other delicious ingredients you can feel good about giving your kids a granola bar they'll love. With so many flavors to choose from, there's something for everyone.",https://i5.walmartimages.com/seo/Quaker-Chewy-S-mores-8ct_46945c6e-ce68-4142-9f95-a9b0ef3b146f.1a1a3ee68cd7c01de05ff417c675867b.jpeg,11.57,USD,https://www.walmart.com/ip/Quaker-Chewy-S-mores-8ct/20897622
2KKGEOXBPFZT,Snack Bars,"Quaker Peanut Butter Chewy Dipps Granola Bars,1.05 oz bars, 6 Count",Quaker,4.2,,"<p>Quaker Chewy Dipps Peanut Butter is the perfect combination of creamy peanut buttery taste wrapped in a delicious chocolaty shell, all with the Chewy flavors you know and love.Brace yourself for a chocolatey peanut butter collision! It's going to be delicious. We've taken your favorite Quaker Chewy Peanut Butter Granola Bars and dipped them in a rich and chocolatey coating for a decadent treat. It'll be difficult to resist seconds.</p>",https://i5.walmartimages.com/asr/e268fa9d-e133-4dc5-a24b-9debe91613cd.a06f3fa371e21ae40f42902283f24bd4.jpeg,10.77,USD,https://www.walmart.com/ip/Quaker-Peanut-Butter-Chewy-Dipps-Granola-Bars-1-05-oz-bars-6-Count/20970525
2P650O81P2E8,Snack Bars,"Sunbelt Bakery Chewy Granola Bars, Peanut Butter Chocolate Chip, 10 Ct",Sunbelt,4.5,,"Chewy Granola Bars, Sunbelt Bakery Family Pack Peanut Butter Chocolate Chip. Sunbelt Bakery Peanut Butter Choc Chip Granola Bars. Ready to eat.",https://i5.walmartimages.com/asr/c5dc22a4-3d05-4f36-b9aa-05289f31de1a_3.067544127dccaa6be700f5ba49063d31.jpeg,12.48,USD,https://www.walmart.com/ip/Sunbelt-Bakery-Chewy-Granola-Bars-Peanut-Butter-Chocolate-Chip-10-Ct/35486354
5R0I9XDWMV8J,Snack Bars,Quaker Chewy Dipps Chocolate Chip Granola Bars 14-1.09 oz. Bars,Quaker,4.5,,"Quaker Chewy Dipps Chocolate Chip Granola Bars are a fun choice . Made with chocolate chips and granola, these chocolatey coated bars are sure to be a favorite snack or quick dessert. Each bar is individually wrapped, making it easy to slip in your child's backpack or leave in your desk drawer, so you'll be ready whenever hunger strikes.",https://i5.walmartimages.com/asr/3dc8fa38-c1a2-4abc-bf28-f67d9042bc49.2fc32d646882295a8b0fcc20a1441014.jpeg,4.94,USD,https://www.walmart.com/ip/Quaker-Chewy-Dipps-Chocolate-Chip-Granola-Bars-14-1-09-oz-Bars/13448660
4SU6VPZ4D4I1,Snack Bars,"Quaker Big Chewy Granola Bars, 60% Larger, Chocolate Chip (5 Pack)",Quaker,4.2,,"Quaker Big Chewy Granola Bars are 60% bigger than our regular Chewy granola bars and a great snack to help fuel your family when snack time hunger strikes. Each bar is made with real chocolate chips, 16 grams of whole grains and topped with delicious chocolatey or peanut buttery drizzle.",https://i5.walmartimages.com/asr/cc76319b-4388-477b-a3f5-5a0d1b6af947.a0faff00ed9b791d1be6bfafc76fb693.jpeg,2.66,USD,https://www.walmart.com/ip/Quaker-Big-Chewy-Granola-Bars-60-Larger-Chocolate-Chip-5-Pack/22863016
173OC2M78T7U,Breakfast Bars & Cereal Bars,"Great Value Chocolate Chip Dipped Chewy Granola Bars Value Pack, 1.1 oz, 20 Count",Great Value,4.4,,"<p>Chocolate Chip Dipped Chewy Granola Bars<br /><br />Great Value Chocolate Chip Dipped Granola Bars are loaded with tasty chocolate chips and dipped in a creamy chocolate coating. These chewy granola bars are great for snacking at home, at the office or on the go. These granola bars are a must for chocolate lovers! Great for health-conscious individuals, these bars are naturally flavored and also features the nutritional benefit of offering six grams of whole grain per serving. This value pack contains 20 granola bars, so there are plenty to go around! Make snack time a little easier and a lot tastier with Great Value Chocolate Chip Dipped Granola Bars.<br /><br />Great Value products provide families with affordable, high quality grocery and household consumable options. With our wide range of product categories spanning grocery and household consumables, we offer you a variety of products for your family's needs. Our products are conveniently available online and in Walmart stores nationwide, allowing you to stock up and save money at the same time.</p>",https://i5.walmartimages.com/seo/Great-Value-Chocolate-Chip-Dipped-Chewy-Granola-Bars-Value-Pack-1-1-oz-20-Count_8d865d2d-3b5a-4a10-bfe1-11c2932220a9.7e82c72c7160e6af9a12ae5f81124e20.jpeg,6.12,USD,https://www.walmart.com/ip/Great-Value-Chocolate-Chip-Dipped-Chewy-Granola-Bars-Value-Pack-1-1-oz-20-Count/199825121
5GFQ8YUQE4W6,Snack Bars,"JUNKLESS Non-GMO Delicious Chewy Peanut Butter Chocolate Chip Granola Bars, 8 Ct, 1.1 oz",JUNKLESS,4.1,,"<p>JUNKLESS Peanut Butter Chocolate Chip Chewy Granola Bars are MOMS APPROVED & KIDS LOVED.  These soft, moist and chewy bars are delicious and they are made with REAL ingredients - familiar and pronounceable. There are no artificial flavors or colors, synthetic preservatives, sugar substitutes or sugar alcohols, high fructose corn syrup, hydrogenated oils or trans-fats.  JUNKLESS Chewy Granola Bars are also low in sugar (6g per bar) and contains 100% whole grain oats.  They are truly a one-size-fits-all to keep everyone in the family happy.  For kids, these bars are perfect for the lunch box or breakfast on-the-go or a delicious treat at home. For moms and dads, these healthy bars are great for post-workout fuel, an energy boost during hectic days or just a satisfying emergency snack.  At JUNKLESS Foods, we care about the environment and we care about your family. That’s why we use only Non-GMO ingredients in all our foods and why all our bars are Kosher OU. </p>",https://i5.walmartimages.com/asr/83082219-0786-4333-bd9d-8d7ab02aa16f.995432e21cc3791454c4716f23829a1c.jpeg,4.98,USD,https://www.walmart.com/ip/JUNKLESS-Non-GMO-Delicious-Chewy-Peanut-Butter-Chocolate-Chip-Granola-Bars-8-Ct-1-1-oz/571613403
3NZ3XWZTOH55,Snack Bars,"Sunbelt Bakery Oats & Honey Chewy Granola Bars, 1.0 oz Bars, 50 Count",Sunbelt Bakery,4.5,,"On-demand energy is a bite away with Sunbelt Bakery Oats & Honey Chewy Granola Bars. Deliciously satisfying, our bakery-fresh tasting granola bars are a classic snack for good reason! Grade A honey is expertly mixed with oats to create a delectable snack that is great for any time of day. Made with no preservatives and 8-grams of whole grain per serving, enjoy this classic granola bar next time you are feeling a mid-day slump at work!",https://i5.walmartimages.com/asr/ef3fcc99-f4ae-4f1b-bda0-4b6cecbe029d_2.8e3553fd6be836952161d271897f1169.jpeg,3.12,USD,https://www.walmart.com/ip/Sunbelt-Bakery-Oats-Honey-Chewy-Granola-Bars-1-0-oz-Bars-50-Count/21656750
